DEPT_CODE,DEPT_NAME,MUNI_CODE,MUNI_NAME,MUNI_LON,MUNI_LAT,DEPT_LON,DEPT_LAT
05,ANTIOQUIA,05001,MEDELLÍN,-75.581775,6.246631,-75.50455704,6.702032125
05,ANTIOQUIA,05002,ABEJORRAL,-75.428739,5.789315,-75.50455704,6.702032125
05,ANTIOQUIA,05004,ABRIAQUÍ,-76.064304,6.632282,-75.50455704,6.702032125
05,ANTIOQUIA,05021,ALEJANDRÍA,-75.141346,6.376061,-75.50455704,6.702032125
05,ANTIOQUIA,05030,AMAGÁ,-75.702188,6.038708,-75.50455704,6.702032125
05,ANTIOQUIA,05031,AMALFI,-75.077501,6.909655,-75.50455704,6.702032125
05,ANTIOQUIA,05034,ANDES,-75.878828,5.657194,-75.50455704,6.702032125
05,ANTIOQUIA,05036,ANGELÓPOLIS,-75.711389,6.109719,-75.50455704,6.702032125
05,ANTIOQUIA,05038,ANGOSTURA,-75.335116,6.885175,-75.50455704,6.702032125
05,ANTIOQUIA,05040,ANORÍ,-75.148355,7.074703,-75.50455704,6.702032125
05,ANTIOQUIA,05042,SANTA FÉ DE ANTIOQUIA,-75.826648,6.556484,-75.50455704,6.702032125
05,ANTIOQUIA,05044,ANZÁ,-75.854442,6.302641,-75.50455704,6.702032125
05,ANTIOQUIA,05045,APARTADÓ,-76.625279,7.882968,-75.50455704,6.702032125
05,ANTIOQUIA,05051,ARBOLETES,-76.426708,8.849317,-75.50455704,6.702032125
05,ANTIOQUIA,05055,ARGELIA,-75.14107,5.731474,-75.50455704,6.702032125
05,ANTIOQUIA,05059,ARMENIA,-75.786647,6.155667,-75.50455704,6.702032125
05,ANTIOQUIA,05079,BARBOSA,-75.331627,6.439195,-75.50455704,6.702032125
05,ANTIOQUIA,05086,BELMIRA,-75.667779,6.606319,-75.50455704,6.702032125
05,ANTIOQUIA,05088,BELLO,-75.555245,6.333587,-75.50455704,6.702032125
05,ANTIOQUIA,05091,BETANIA,-75.97679,5.74615,-75.50455704,6.702032125
05,ANTIOQUIA,05093,BETULIA,-75.984452,6.115208,-75.50455704,6.702032125
05,ANTIOQUIA,05101,CIUDAD BOLÍVAR,-76.021509,5.850273,-75.50455704,6.702032125
05,ANTIOQUIA,05107,BRICEÑO,-75.55036,7.112803,-75.50455704,6.702032125
05,ANTIOQUIA,05113,BURITICÁ,-75.907,6.720759,-75.50455704,6.702032125
05,ANTIOQUIA,05120,CÁCERES,-75.35205,7.578366,-75.50455704,6.702032125
05,ANTIOQUIA,05125,CAICEDO,-75.98293,6.405607,-75.50455704,6.702032125
05,ANTIOQUIA,05129,CALDAS,-75.633673,6.091077,-75.50455704,6.702032125
05,ANTIOQUIA,05134,CAMPAMENTO,-75.298091,6.979771,-75.50455704,6.702032125
05,ANTIOQUIA,05138,CAÑASGORDAS,-76.028228,6.753859,-75.50455704,6.702032125
05,ANTIOQUIA,05142,CARACOLÍ,-74.757421,6.409829,-75.50455704,6.702032125
05,ANTIOQUIA,05145,CARAMANTA,-75.643868,5.54853,-75.50455704,6.702032125
05,ANTIOQUIA,05147,CAREPA,-76.652652,7.755148,-75.50455704,6.702032125
05,ANTIOQUIA,05148,EL CARMEN DE VIBORAL,-75.333901,6.082885,-75.50455704,6.702032125
05,ANTIOQUIA,05150,CAROLINA,-75.283192,6.725995,-75.50455704,6.702032125
05,ANTIOQUIA,05154,CAUCASIA,-75.197996,7.977278,-75.50455704,6.702032125
05,ANTIOQUIA,05172,CHIGORODÓ,-76.681531,7.666147,-75.50455704,6.702032125
05,ANTIOQUIA,05190,CISNEROS,-75.087047,6.537829,-75.50455704,6.702032125
05,ANTIOQUIA,05197,COCORNÁ,-75.185483,6.058295,-75.50455704,6.702032125
05,ANTIOQUIA,05206,CONCEPCIÓN,-75.257587,6.394348,-75.50455704,6.702032125
05,ANTIOQUIA,05209,CONCORDIA,-75.908448,6.045738,-75.50455704,6.702032125
05,ANTIOQUIA,05212,COPACABANA,-75.509384,6.348557,-75.50455704,6.702032125
05,ANTIOQUIA,05234,DABEIBA,-76.261614,6.998112,-75.50455704,6.702032125
05,ANTIOQUIA,05237,DONMATÍAS,-75.39263,6.485603,-75.50455704,6.702032125
05,ANTIOQUIA,05240,EBÉJICO,-75.766413,6.325615,-75.50455704,6.702032125
05,ANTIOQUIA,05250,EL BAGRE,-74.799097,7.5975,-75.50455704,6.702032125
05,ANTIOQUIA,05264,ENTRERRÍOS,-75.517685,6.566273,-75.50455704,6.702032125
05,ANTIOQUIA,05266,ENVIGADO,-75.582192,6.166695,-75.50455704,6.702032125
05,ANTIOQUIA,05282,FREDONIA,-75.675072,5.928039,-75.50455704,6.702032125
05,ANTIOQUIA,05284,FRONTINO,-76.130765,6.776066,-75.50455704,6.702032125
05,ANTIOQUIA,05306,GIRALDO,-75.952158,6.680808,-75.50455704,6.702032125
05,ANTIOQUIA,05308,GIRARDOTA,-75.444238,6.379472,-75.50455704,6.702032125
05,ANTIOQUIA,05310,GÓMEZ PLATA,-75.220018,6.683269,-75.50455704,6.702032125
05,ANTIOQUIA,05313,GRANADA,-75.184446,6.142892,-75.50455704,6.702032125
05,ANTIOQUIA,05315,GUADALUPE,-75.239862,6.815069,-75.50455704,6.702032125
05,ANTIOQUIA,05318,GUARNE,-75.441612,6.27787,-75.50455704,6.702032125
05,ANTIOQUIA,05321,GUATAPÉ,-75.160041,6.232461,-75.50455704,6.702032125
05,ANTIOQUIA,05347,HELICONIA,-75.734322,6.206757,-75.50455704,6.702032125
05,ANTIOQUIA,05353,HISPANIA,-75.906587,5.799461,-75.50455704,6.702032125
05,ANTIOQUIA,05360,ITAGÜÍ,-75.612056,6.175079,-75.50455704,6.702032125
05,ANTIOQUIA,05361,ITUANGO,-75.764673,7.171629,-75.50455704,6.702032125
05,ANTIOQUIA,05364,JARDÍN,-75.818982,5.597542,-75.50455704,6.702032125
05,ANTIOQUIA,05368,JERICÓ,-75.785499,5.789748,-75.50455704,6.702032125
05,ANTIOQUIA,05376,LA CEJA,-75.429433,6.028062,-75.50455704,6.702032125
05,ANTIOQUIA,05380,LA ESTRELLA,-75.637708,6.145238,-75.50455704,6.702032125
05,ANTIOQUIA,05390,LA PINTADA,-75.60781,5.743808,-75.50455704,6.702032125
05,ANTIOQUIA,05400,LA UNIÓN,-75.360874,5.973845,-75.50455704,6.702032125
05,ANTIOQUIA,05411,LIBORINA,-75.812838,6.677316,-75.50455704,6.702032125
05,ANTIOQUIA,05425,MACEO,-74.78716,6.552116,-75.50455704,6.702032125
05,ANTIOQUIA,05440,MARINILLA,-75.339345,6.173995,-75.50455704,6.702032125
05,ANTIOQUIA,05467,MONTEBELLO,-75.523455,5.946313,-75.50455704,6.702032125
05,ANTIOQUIA,05475,MURINDÓ,-76.817485,6.97771,-75.50455704,6.702032125
05,ANTIOQUIA,05480,MUTATÁ,-76.435875,7.242875,-75.50455704,6.702032125
05,ANTIOQUIA,05483,NARIÑO,-75.176262,5.610777,-75.50455704,6.702032125
05,ANTIOQUIA,05490,NECOCLÍ,-76.787271,8.434526,-75.50455704,6.702032125
05,ANTIOQUIA,05495,NECHÍ,-74.77647,8.094129,-75.50455704,6.702032125
05,ANTIOQUIA,05501,OLAYA,-75.811773,6.626492,-75.50455704,6.702032125
05,ANTIOQUIA,05541,PEÑOL,-75.242693,6.219349,-75.50455704,6.702032125
05,ANTIOQUIA,05543,PEQUE,-75.910357,7.021029,-75.50455704,6.702032125
05,ANTIOQUIA,05576,PUEBLORRICO,-75.839903,5.79158,-75.50455704,6.702032125
05,ANTIOQUIA,05579,PUERTO BERRÍO,-74.410016,6.487028,-75.50455704,6.702032125
05,ANTIOQUIA,05585,PUERTO NARE,-74.583012,6.186025,-75.50455704,6.702032125
05,ANTIOQUIA,05591,PUERTO TRIUNFO,-74.64119,5.871318,-75.50455704,6.702032125
05,ANTIOQUIA,05604,REMEDIOS,-74.698135,7.029424,-75.50455704,6.702032125
05,ANTIOQUIA,05607,RETIRO,-75.501301,6.062454,-75.50455704,6.702032125
05,ANTIOQUIA,05615,RIONEGRO,-75.377316,6.147148,-75.50455704,6.702032125
05,ANTIOQUIA,05628,SABANALARGA,-75.816645,6.850028,-75.50455704,6.702032125
05,ANTIOQUIA,05631,SABANETA,-75.615479,6.149903,-75.50455704,6.702032125
05,ANTIOQUIA,05642,SALGAR,-75.976807,5.964198,-75.50455704,6.702032125
05,ANTIOQUIA,05647,SAN ANDRÉS DE CUERQUÍA,-75.674564,6.916676,-75.50455704,6.702032125
05,ANTIOQUIA,05649,SAN CARLOS,-74.988097,6.187746,-75.50455704,6.702032125
05,ANTIOQUIA,05652,SAN FRANCISCO,-75.101562,5.963476,-75.50455704,6.702032125
05,ANTIOQUIA,05656,SAN JERÓNIMO,-75.726975,6.44809,-75.50455704,6.702032125
05,ANTIOQUIA,05658,SAN JOSÉ DE LA MONTAÑA,-75.683352,6.85009,-75.50455704,6.702032125
05,ANTIOQUIA,05659,SAN JUAN DE URABÁ,-76.52857,8.758964,-75.50455704,6.702032125
05,ANTIOQUIA,05660,SAN LUIS,-74.993619,6.043017,-75.50455704,6.702032125
05,ANTIOQUIA,05664,SAN PEDRO DE LOS MILAGROS,-75.556743,6.46012,-75.50455704,6.702032125
05,ANTIOQUIA,05665,SAN PEDRO DE URABÁ,-76.380567,8.276884,-75.50455704,6.702032125
05,ANTIOQUIA,05667,SAN RAFAEL,-75.02849,6.293759,-75.50455704,6.702032125
05,ANTIOQUIA,05670,SAN ROQUE,-75.019109,6.485939,-75.50455704,6.702032125
05,ANTIOQUIA,05674,SAN VICENTE FERRER,-75.332616,6.282164,-75.50455704,6.702032125
05,ANTIOQUIA,05679,SANTA BÁRBARA,-75.567351,5.875527,-75.50455704,6.702032125
05,ANTIOQUIA,05686,SANTA ROSA DE OSOS,-75.460723,6.643366,-75.50455704,6.702032125
05,ANTIOQUIA,05690,SANTO DOMINGO,-75.164903,6.473032,-75.50455704,6.702032125
05,ANTIOQUIA,05697,EL SANTUARIO,-75.265465,6.136871,-75.50455704,6.702032125
05,ANTIOQUIA,05736,SEGOVIA,-74.701596,7.079648,-75.50455704,6.702032125
05,ANTIOQUIA,05756,SONSÓN,-75.309596,5.714851,-75.50455704,6.702032125
05,ANTIOQUIA,05761,SOPETRÁN,-75.747378,6.500745,-75.50455704,6.702032125
05,ANTIOQUIA,05789,TÁMESIS,-75.714429,5.664645,-75.50455704,6.702032125
05,ANTIOQUIA,05790,TARAZÁ,-75.401407,7.580127,-75.50455704,6.702032125
05,ANTIOQUIA,05792,TARSO,-75.822956,5.864542,-75.50455704,6.702032125
05,ANTIOQUIA,05809,TITIRIBÍ,-75.791887,6.062391,-75.50455704,6.702032125
05,ANTIOQUIA,05819,TOLEDO,-75.692281,7.010328,-75.50455704,6.702032125
05,ANTIOQUIA,05837,TURBO,-76.728858,8.089929,-75.50455704,6.702032125
05,ANTIOQUIA,05842,URAMITA,-76.173284,6.898393,-75.50455704,6.702032125
05,ANTIOQUIA,05847,URRAO,-76.133951,6.317343,-75.50455704,6.702032125
05,ANTIOQUIA,05854,VALDIVIA,-75.439274,7.1652,-75.50455704,6.702032125
05,ANTIOQUIA,05856,VALPARAÍSO,-75.624452,5.614555,-75.50455704,6.702032125
05,ANTIOQUIA,05858,VEGACHÍ,-74.798714,6.773525,-75.50455704,6.702032125
05,ANTIOQUIA,05861,VENECIA,-75.735544,5.964693,-75.50455704,6.702032125
05,ANTIOQUIA,05873,VIGÍA DEL FUERTE,-76.896004,6.588164,-75.50455704,6.702032125
05,ANTIOQUIA,05885,YALÍ,-74.840059,6.676554,-75.50455704,6.702032125
05,ANTIOQUIA,05887,YARUMAL,-75.418828,6.963832,-75.50455704,6.702032125
05,ANTIOQUIA,05890,YOLOMBÓ,-75.013385,6.594511,-75.50455704,6.702032125
05,ANTIOQUIA,05893,YONDÓ,-73.912445,7.00396,-75.50455704,6.702032125
05,ANTIOQUIA,05895,ZARAGOZA,-74.867075,7.488583,-75.50455704,6.702032125
08,ATLÁNTICO,08001,BARRANQUILLA,-74.815546,10.977961,-74.96521949,10.67700953
08,ATLÁNTICO,08078,BARANOA,-74.916077,10.79445,-74.96521949,10.67700953
08,ATLÁNTICO,08137,CAMPO DE LA CRUZ,-74.880847,10.378291,-74.96521949,10.67700953
08,ATLÁNTICO,08141,CANDELARIA,-74.879717,10.461903,-74.96521949,10.67700953
08,ATLÁNTICO,08296,GALAPA,-74.870385,10.919033,-74.96521949,10.67700953
08,ATLÁNTICO,08372,JUAN DE ACOSTA,-75.041032,10.83254,-74.96521949,10.67700953
08,ATLÁNTICO,08421,LURUACO,-75.14199,10.610491,-74.96521949,10.67700953
08,ATLÁNTICO,08433,MALAMBO,-74.776923,10.857086,-74.96521949,10.67700953
08,ATLÁNTICO,08436,MANATÍ,-74.956867,10.449089,-74.96521949,10.67700953
08,ATLÁNTICO,08520,PALMAR DE VARELA,-74.754765,10.738591,-74.96521949,10.67700953
08,ATLÁNTICO,08549,PIOJÓ,-75.107592,10.749216,-74.96521949,10.67700953
08,ATLÁNTICO,08558,POLONUEVO,-74.852981,10.777363,-74.96521949,10.67700953
08,ATLÁNTICO,08560,PONEDERA,-74.753885,10.641779,-74.96521949,10.67700953
08,ATLÁNTICO,08573,PUERTO COLOMBIA,-74.888627,11.015322,-74.96521949,10.67700953
08,ATLÁNTICO,08606,REPELÓN,-75.125534,10.493357,-74.96521949,10.67700953
08,ATLÁNTICO,08634,SABANAGRANDE,-74.759496,10.792453,-74.96521949,10.67700953
08,ATLÁNTICO,08638,SABANALARGA,-74.921256,10.632091,-74.96521949,10.67700953
08,ATLÁNTICO,08675,SANTA LUCÍA,-74.959204,10.324303,-74.96521949,10.67700953
08,ATLÁNTICO,08685,SANTO TOMÁS,-74.757859,10.758735,-74.96521949,10.67700953
08,ATLÁNTICO,08758,SOLEDAD,-74.786054,10.909921,-74.96521949,10.67700953
08,ATLÁNTICO,08770,SUAN,-74.881687,10.335432,-74.96521949,10.67700953
08,ATLÁNTICO,08832,TUBARÁ,-74.978704,10.873586,-74.96521949,10.67700953
08,ATLÁNTICO,08849,USIACURÍ,-74.976985,10.74298,-74.96521949,10.67700953
11,"BOGOTÁ, D.C.",11001,"BOGOTÁ, D.C.",-74.106992,4.649251,-74.1810727,4.316107698
13,BOLÍVAR,13001,CARTAGENA DE INDIAS,-75.496269,10.385126,-74.23514814,8.079796863
13,BOLÍVAR,13006,ACHÍ,-74.557676,8.570107,-74.23514814,8.079796863
13,BOLÍVAR,13030,ALTOS DEL ROSARIO,-74.164905,8.791865,-74.23514814,8.079796863
13,BOLÍVAR,13042,ARENAL,-73.941099,8.458865,-74.23514814,8.079796863
13,BOLÍVAR,13052,ARJONA,-75.344332,10.25666,-74.23514814,8.079796863
13,BOLÍVAR,13062,ARROYOHONDO,-75.019215,10.250075,-74.23514814,8.079796863
13,BOLÍVAR,13074,BARRANCO DE LOBA,-74.104391,8.947787,-74.23514814,8.079796863
13,BOLÍVAR,13140,CALAMAR,-74.916144,10.250431,-74.23514814,8.079796863
13,BOLÍVAR,13160,CANTAGALLO,-73.914605,7.378678,-74.23514814,8.079796863
13,BOLÍVAR,13188,CICUCO,-74.645981,9.274281,-74.23514814,8.079796863
13,BOLÍVAR,13212,CÓRDOBA,-74.827399,9.586942,-74.23514814,8.079796863
13,BOLÍVAR,13222,CLEMENCIA,-75.328469,10.567452,-74.23514814,8.079796863
13,BOLÍVAR,13244,EL CARMEN DE BOLÍVAR,-75.121178,9.718653,-74.23514814,8.079796863
13,BOLÍVAR,13248,EL GUAMO,-74.976084,10.030958,-74.23514814,8.079796863
13,BOLÍVAR,13268,EL PEÑÓN,-73.949274,8.988271,-74.23514814,8.079796863
13,BOLÍVAR,13300,HATILLO DE LOBA,-74.077912,8.956014,-74.23514814,8.079796863
13,BOLÍVAR,13430,MAGANGUÉ,-74.766742,9.263799,-74.23514814,8.079796863
13,BOLÍVAR,13433,MAHATES,-75.191643,10.233285,-74.23514814,8.079796863
13,BOLÍVAR,13440,MARGARITA,-74.286785,9.153489,-74.23514814,8.079796863
13,BOLÍVAR,13442,MARÍA LA BAJA,-75.300516,9.982402,-74.23514814,8.079796863
13,BOLÍVAR,13458,MONTECRISTO,-74.471176,8.297234,-74.23514814,8.079796863
13,BOLÍVAR,13468,SANTA CRUZ DE MOMPOX,-74.42818,9.244241,-74.23514814,8.079796863
13,BOLÍVAR,13473,MORALES,-73.868172,8.276558,-74.23514814,8.079796863
13,BOLÍVAR,13490,NOROSÍ,-74.038003,8.526259,-74.23514814,8.079796863
13,BOLÍVAR,13549,PINILLOS,-74.462279,8.914947,-74.23514814,8.079796863
13,BOLÍVAR,13580,REGIDOR,-73.821638,8.666258,-74.23514814,8.079796863
13,BOLÍVAR,13600,RÍO VIEJO,-73.840466,8.58795,-74.23514814,8.079796863
13,BOLÍVAR,13620,SAN CRISTÓBAL,-75.065076,10.392836,-74.23514814,8.079796863
13,BOLÍVAR,13647,SAN ESTANISLAO,-75.153101,10.398602,-74.23514814,8.079796863
13,BOLÍVAR,13650,SAN FERNANDO,-74.323811,9.214183,-74.23514814,8.079796863
13,BOLÍVAR,13654,SAN JACINTO,-75.12105,9.830275,-74.23514814,8.079796863
13,BOLÍVAR,13655,SAN JACINTO DEL CAUCA,-74.721156,8.25158,-74.23514814,8.079796863
13,BOLÍVAR,13657,SAN JUAN NEPOMUCENO,-75.081761,9.953751,-74.23514814,8.079796863
13,BOLÍVAR,13667,SAN MARTÍN DE LOBA,-74.039134,8.937485,-74.23514814,8.079796863
13,BOLÍVAR,13670,SAN PABLO,-73.924602,7.476747,-74.23514814,8.079796863
13,BOLÍVAR,13673,SANTA CATALINA,-75.287855,10.605294,-74.23514814,8.079796863
13,BOLÍVAR,13683,SANTA ROSA,-75.369824,10.444396,-74.23514814,8.079796863
13,BOLÍVAR,13688,SANTA ROSA DEL SUR,-74.052243,7.963938,-74.23514814,8.079796863
13,BOLÍVAR,13744,SIMITÍ,-73.947264,7.953916,-74.23514814,8.079796863
13,BOLÍVAR,13760,SOPLAVIENTO,-75.136404,10.38839,-74.23514814,8.079796863
13,BOLÍVAR,13780,TALAIGUA NUEVO,-74.567479,9.30403,-74.23514814,8.079796863
13,BOLÍVAR,13810,TIQUISIO,-74.262922,8.558666,-74.23514814,8.079796863
13,BOLÍVAR,13836,TURBACO,-75.427249,10.348316,-74.23514814,8.079796863
13,BOLÍVAR,13838,TURBANA,-75.44265,10.274585,-74.23514814,8.079796863
13,BOLÍVAR,13873,VILLANUEVA,-75.275613,10.444089,-74.23514814,8.079796863
13,BOLÍVAR,13894,ZAMBRANO,-74.817879,9.746306,-74.23514814,8.079796863
15,BOYACÁ,15001,TUNJA,-73.355539,5.53988,-72.62788054,5.891672889
15,BOYACÁ,15022,ALMEIDA,-73.378933,4.970857,-72.62788054,5.891672889
15,BOYACÁ,15047,AQUITANIA,-72.88399,5.518602,-72.62788054,5.891672889
15,BOYACÁ,15051,ARCABUCO,-73.437503,5.755673,-72.62788054,5.891672889
15,BOYACÁ,15087,BELÉN,-72.911641,5.98923,-72.62788054,5.891672889
15,BOYACÁ,15090,BERBEO,-73.12721,5.227451,-72.62788054,5.891672889
15,BOYACÁ,15092,BETÉITIVA,-72.809014,5.909978,-72.62788054,5.891672889
15,BOYACÁ,15097,BOAVITA,-72.584905,6.330703,-72.62788054,5.891672889
15,BOYACÁ,15104,BOYACÁ,-73.361945,5.454578,-72.62788054,5.891672889
15,BOYACÁ,15106,BRICEÑO,-73.92326,5.690879,-72.62788054,5.891672889
15,BOYACÁ,15109,BUENAVISTA,-73.94217,5.512594,-72.62788054,5.891672889
15,BOYACÁ,15114,BUSBANZÁ,-72.884158,5.831393,-72.62788054,5.891672889
15,BOYACÁ,15131,CALDAS,-73.865553,5.55458,-72.62788054,5.891672889
15,BOYACÁ,15135,CAMPOHERMOSO,-73.104173,5.031676,-72.62788054,5.891672889
15,BOYACÁ,15162,CERINZA,-72.947918,5.955939,-72.62788054,5.891672889
15,BOYACÁ,15172,CHINAVITA,-73.368476,5.167486,-72.62788054,5.891672889
15,BOYACÁ,15176,CHIQUINQUIRÁ,-73.818745,5.61379,-72.62788054,5.891672889
15,BOYACÁ,15180,CHISCAS,-72.500957,6.553136,-72.62788054,5.891672889
15,BOYACÁ,15183,CHITA,-72.471892,6.187083,-72.62788054,5.891672889
15,BOYACÁ,15185,CHITARAQUE,-73.4471,6.027425,-72.62788054,5.891672889
15,BOYACÁ,15187,CHIVATÁ,-73.282529,5.558949,-72.62788054,5.891672889
15,BOYACÁ,15189,CIÉNEGA,-73.296049,5.408694,-72.62788054,5.891672889
15,BOYACÁ,15204,CÓMBITA,-73.323957,5.634545,-72.62788054,5.891672889
15,BOYACÁ,15212,COPER,-74.045636,5.475074,-72.62788054,5.891672889
15,BOYACÁ,15215,CORRALES,-72.844795,5.828064,-72.62788054,5.891672889
15,BOYACÁ,15218,COVARACHÍA,-72.738978,6.500177,-72.62788054,5.891672889
15,BOYACÁ,15223,CUBARÁ,-72.107939,6.997275,-72.62788054,5.891672889
15,BOYACÁ,15224,CUCAITA,-73.454338,5.544452,-72.62788054,5.891672889
15,BOYACÁ,15226,CUÍTIVA,-72.965923,5.580367,-72.62788054,5.891672889
15,BOYACÁ,15232,CHÍQUIZA,-73.449463,5.639834,-72.62788054,5.891672889
15,BOYACÁ,15236,CHIVOR,-73.368398,4.888173,-72.62788054,5.891672889
15,BOYACÁ,15238,DUITAMA,-73.03063,5.822964,-72.62788054,5.891672889
15,BOYACÁ,15244,EL COCUY,-72.444537,6.407738,-72.62788054,5.891672889
15,BOYACÁ,15248,EL ESPINO,-72.497007,6.483027,-72.62788054,5.891672889
15,BOYACÁ,15272,FIRAVITOBA,-72.993392,5.668885,-72.62788054,5.891672889
15,BOYACÁ,15276,FLORESTA,-72.918111,5.859519,-72.62788054,5.891672889
15,BOYACÁ,15293,GACHANTIVÁ,-73.549092,5.751891,-72.62788054,5.891672889
15,BOYACÁ,15296,GÁMEZA,-72.80553,5.802333,-72.62788054,5.891672889
15,BOYACÁ,15299,GARAGOA,-73.364413,5.083234,-72.62788054,5.891672889
15,BOYACÁ,15317,GUACAMAYAS,-72.500812,6.459667,-72.62788054,5.891672889
15,BOYACÁ,15322,GUATEQUE,-73.471207,5.007321,-72.62788054,5.891672889
15,BOYACÁ,15325,GUAYATÁ,-73.489698,4.967122,-72.62788054,5.891672889
15,BOYACÁ,15332,GÜICÁN DE LA SIERRA,-72.411763,6.462864,-72.62788054,5.891672889
15,BOYACÁ,15362,IZA,-72.979559,5.611577,-72.62788054,5.891672889
15,BOYACÁ,15367,JENESANO,-73.363738,5.385813,-72.62788054,5.891672889
15,BOYACÁ,15368,JERICÓ,-72.571122,6.145735,-72.62788054,5.891672889
15,BOYACÁ,15377,LABRANZAGRANDE,-72.57777,5.562687,-72.62788054,5.891672889
15,BOYACÁ,15380,LA CAPILLA,-73.444347,5.095687,-72.62788054,5.891672889
15,BOYACÁ,15401,LA VICTORIA,-74.234393,5.523792,-72.62788054,5.891672889
15,BOYACÁ,15403,LA UVITA,-72.559982,6.31616,-72.62788054,5.891672889
15,BOYACÁ,15407,VILLA DE LEYVA,-73.524948,5.632455,-72.62788054,5.891672889
15,BOYACÁ,15425,MACANAL,-73.319593,4.972464,-72.62788054,5.891672889
15,BOYACÁ,15442,MARIPÍ,-74.00405,5.550091,-72.62788054,5.891672889
15,BOYACÁ,15455,MIRAFLORES,-73.14563,5.196515,-72.62788054,5.891672889
15,BOYACÁ,15464,MONGUA,-72.79809,5.754242,-72.62788054,5.891672889
15,BOYACÁ,15466,MONGUÍ,-72.849292,5.723486,-72.62788054,5.891672889
15,BOYACÁ,15469,MONIQUIRÁ,-73.573374,5.876331,-72.62788054,5.891672889
15,BOYACÁ,15476,MOTAVITA,-73.367841,5.5777,-72.62788054,5.891672889
15,BOYACÁ,15480,MUZO,-74.10269,5.532758,-72.62788054,5.891672889
15,BOYACÁ,15491,NOBSA,-72.937042,5.768046,-72.62788054,5.891672889
15,BOYACÁ,15494,NUEVO COLÓN,-73.456759,5.355317,-72.62788054,5.891672889
15,BOYACÁ,15500,OICATÁ,-73.308399,5.595235,-72.62788054,5.891672889
15,BOYACÁ,15507,OTANCHE,-74.180965,5.657536,-72.62788054,5.891672889
15,BOYACÁ,15511,PACHAVITA,-73.396953,5.140065,-72.62788054,5.891672889
15,BOYACÁ,15514,PÁEZ,-73.052737,5.097319,-72.62788054,5.891672889
15,BOYACÁ,15516,PAIPA,-73.11782,5.779894,-72.62788054,5.891672889
15,BOYACÁ,15518,PAJARITO,-72.703231,5.293783,-72.62788054,5.891672889
15,BOYACÁ,15522,PANQUEBA,-72.459424,6.443416,-72.62788054,5.891672889
15,BOYACÁ,15531,PAUNA,-73.978449,5.656323,-72.62788054,5.891672889
15,BOYACÁ,15533,PAYA,-72.423775,5.625699,-72.62788054,5.891672889
15,BOYACÁ,15537,PAZ DE RÍO,-72.749137,5.987645,-72.62788054,5.891672889
15,BOYACÁ,15542,PESCA,-73.050872,5.558808,-72.62788054,5.891672889
15,BOYACÁ,15550,PISBA,-72.486023,5.72141,-72.62788054,5.891672889
15,BOYACÁ,15572,PUERTO BOYACÁ,-74.587782,5.976646,-72.62788054,5.891672889
15,BOYACÁ,15580,QUÍPAMA,-74.180033,5.52055,-72.62788054,5.891672889
15,BOYACÁ,15599,RAMIRIQUÍ,-73.334839,5.400303,-72.62788054,5.891672889
15,BOYACÁ,15600,RÁQUIRA,-73.632543,5.539136,-72.62788054,5.891672889
15,BOYACÁ,15621,RONDÓN,-73.208474,5.357378,-72.62788054,5.891672889
15,BOYACÁ,15632,SABOYÁ,-73.764456,5.697756,-72.62788054,5.891672889
15,BOYACÁ,15638,SÁCHICA,-73.542539,5.584305,-72.62788054,5.891672889
15,BOYACÁ,15646,SAMACÁ,-73.485589,5.492161,-72.62788054,5.891672889
15,BOYACÁ,15660,SAN EDUARDO,-73.077747,5.22401,-72.62788054,5.891672889
15,BOYACÁ,15664,SAN JOSÉ DE PARE,-73.545397,6.018924,-72.62788054,5.891672889
15,BOYACÁ,15667,SAN LUIS DE GACENO,-73.168076,4.81976,-72.62788054,5.891672889
15,BOYACÁ,15673,SAN MATEO,-72.555264,6.401683,-72.62788054,5.891672889
15,BOYACÁ,15676,SAN MIGUEL DE SEMA,-73.722009,5.518083,-72.62788054,5.891672889
15,BOYACÁ,15681,SAN PABLO DE BORBUR,-74.069963,5.650743,-72.62788054,5.891672889
15,BOYACÁ,15686,SANTANA,-73.481639,6.056866,-72.62788054,5.891672889
15,BOYACÁ,15690,SANTA MARÍA,-73.263518,4.857193,-72.62788054,5.891672889
15,BOYACÁ,15693,SANTA ROSA DE VITERBO,-72.982461,5.874547,-72.62788054,5.891672889
15,BOYACÁ,15696,SANTA SOFÍA,-73.602707,5.713269,-72.62788054,5.891672889
15,BOYACÁ,15720,SATIVANORTE,-72.708458,6.131132,-72.62788054,5.891672889
15,BOYACÁ,15723,SATIVASUR,-72.712435,6.093183,-72.62788054,5.891672889
15,BOYACÁ,15740,SIACHOQUE,-73.24466,5.511811,-72.62788054,5.891672889
15,BOYACÁ,15753,SOATÁ,-72.684051,6.331945,-72.62788054,5.891672889
15,BOYACÁ,15755,SOCOTÁ,-72.636653,6.041162,-72.62788054,5.891672889
15,BOYACÁ,15757,SOCHA,-72.691963,5.996717,-72.62788054,5.891672889
15,BOYACÁ,15759,SOGAMOSO,-72.924355,5.723976,-72.62788054,5.891672889
15,BOYACÁ,15761,SOMONDOCO,-73.433393,4.985726,-72.62788054,5.891672889
15,BOYACÁ,15762,SORA,-73.450153,5.56684,-72.62788054,5.891672889
15,BOYACÁ,15763,SOTAQUIRÁ,-73.246585,5.764986,-72.62788054,5.891672889
15,BOYACÁ,15764,SORACÁ,-73.332804,5.500898,-72.62788054,5.891672889
15,BOYACÁ,15774,SUSACÓN,-72.690289,6.230332,-72.62788054,5.891672889
15,BOYACÁ,15776,SUTAMARCHÁN,-73.620536,5.619781,-72.62788054,5.891672889
15,BOYACÁ,15778,SUTATENZA,-73.452317,5.022989,-72.62788054,5.891672889
15,BOYACÁ,15790,TASCO,-72.781011,5.909821,-72.62788054,5.891672889
15,BOYACÁ,15798,TENZA,-73.421176,5.076781,-72.62788054,5.891672889
15,BOYACÁ,15804,TIBANÁ,-73.396457,5.317251,-72.62788054,5.891672889
15,BOYACÁ,15806,TIBASOSA,-72.999449,5.74723,-72.62788054,5.891672889
15,BOYACÁ,15808,TINJACÁ,-73.646847,5.579713,-72.62788054,5.891672889
15,BOYACÁ,15810,TIPACOQUE,-72.691729,6.419203,-72.62788054,5.891672889
15,BOYACÁ,15814,TOCA,-73.184794,5.566464,-72.62788054,5.891672889
15,BOYACÁ,15816,TOGÜÍ,-73.513655,5.937438,-72.62788054,5.891672889
15,BOYACÁ,15820,TÓPAGA,-72.832245,5.768201,-72.62788054,5.891672889
15,BOYACÁ,15822,TOTA,-72.985898,5.560497,-72.62788054,5.891672889
15,BOYACÁ,15832,TUNUNGUÁ,-73.933155,5.730582,-72.62788054,5.891672889
15,BOYACÁ,15835,TURMEQUÉ,-73.491825,5.323261,-72.62788054,5.891672889
15,BOYACÁ,15837,TUTA,-73.230285,5.689082,-72.62788054,5.891672889
15,BOYACÁ,15839,TUTAZÁ,-72.856035,6.032608,-72.62788054,5.891672889
15,BOYACÁ,15842,ÚMBITA,-73.456917,5.221176,-72.62788054,5.891672889
15,BOYACÁ,15861,VENTAQUEMADA,-73.522368,5.368739,-72.62788054,5.891672889
15,BOYACÁ,15879,VIRACACHÁ,-73.296894,5.436833,-72.62788054,5.891672889
15,BOYACÁ,15897,ZETAQUIRA,-73.17098,5.283443,-72.62788054,5.891672889
17,CALDAS,17001,MANIZALES,-75.491025,5.057657,-75.27498304,5.280139978
17,CALDAS,17013,AGUADAS,-75.45487,5.610244,-75.27498304,5.280139978
17,CALDAS,17042,ANSERMA,-75.784343,5.236471,-75.27498304,5.280139978
17,CALDAS,17050,ARANZAZU,-75.49129,5.271195,-75.27498304,5.280139978
17,CALDAS,17088,BELALCÁZAR,-75.811918,4.993785,-75.27498304,5.280139978
17,CALDAS,17174,CHINCHINÁ,-75.607529,4.985227,-75.27498304,5.280139978
17,CALDAS,17272,FILADELFIA,-75.562474,5.297091,-75.27498304,5.280139978
17,CALDAS,17380,LA DORADA,-74.668819,5.460834,-75.27498304,5.280139978
17,CALDAS,17388,LA MERCED,-75.546486,5.39647,-75.27498304,5.280139978
17,CALDAS,17433,MANZANARES,-75.152829,5.255699,-75.27498304,5.280139978
17,CALDAS,17442,MARMATO,-75.600049,5.47422,-75.27498304,5.280139978
17,CALDAS,17444,MARQUETALIA,-75.053097,5.297525,-75.27498304,5.280139978
17,CALDAS,17446,MARULANDA,-75.259721,5.284304,-75.27498304,5.280139978
17,CALDAS,17486,NEIRA,-75.520006,5.166895,-75.27498304,5.280139978
17,CALDAS,17495,NORCASIA,-74.889543,5.574796,-75.27498304,5.280139978
17,CALDAS,17513,PÁCORA,-75.459621,5.527172,-75.27498304,5.280139978
17,CALDAS,17524,PALESTINA,-75.624577,5.017879,-75.27498304,5.280139978
17,CALDAS,17541,PENSILVANIA,-75.160299,5.383281,-75.27498304,5.280139978
17,CALDAS,17614,RIOSUCIO,-75.702104,5.423673,-75.27498304,5.280139978
17,CALDAS,17616,RISARALDA,-75.76722,5.164509,-75.27498304,5.280139978
17,CALDAS,17653,SALAMINA,-75.487223,5.403025,-75.27498304,5.280139978
17,CALDAS,17662,SAMANÁ,-74.992263,5.41308,-75.27498304,5.280139978
17,CALDAS,17665,SAN JOSÉ,-75.792063,5.08231,-75.27498304,5.280139978
17,CALDAS,17777,SUPÍA,-75.64966,5.446843,-75.27498304,5.280139978
17,CALDAS,17867,VICTORIA,-74.911239,5.317437,-75.27498304,5.280139978
17,CALDAS,17873,VILLAMARÍA,-75.502487,5.038925,-75.27498304,5.280139978
17,CALDAS,17877,VITERBO,-75.87061,5.062664,-75.27498304,5.280139978
18,CAQUETÁ,18001,FLORENCIA,-75.609831,1.618196,-73.95946756,0.798556195
18,CAQUETÁ,18029,ALBANIA,-75.878375,1.328526,-73.95946756,0.798556195
18,CAQUETÁ,18094,BELÉN DE LOS ANDAQUÍES,-75.872405,1.415812,-73.95946756,0.798556195
18,CAQUETÁ,18150,CARTAGENA DEL CHAIRÁ,-74.847867,1.332371,-73.95946756,0.798556195
18,CAQUETÁ,18205,CURILLO,-75.919205,1.033473,-73.95946756,0.798556195
18,CAQUETÁ,18247,EL DONCELLO,-75.283631,1.679951,-73.95946756,0.798556195
18,CAQUETÁ,18256,EL PAUJÍL,-75.326093,1.570226,-73.95946756,0.798556195
18,CAQUETÁ,18410,LA MONTAÑITA,-75.436408,1.479173,-73.95946756,0.798556195
18,CAQUETÁ,18460,MILÁN,-75.506926,1.29021,-73.95946756,0.798556195
18,CAQUETÁ,18479,MORELIA,-75.724146,1.486611,-73.95946756,0.798556195
18,CAQUETÁ,18592,PUERTO RICO,-75.157604,1.909063,-73.95946756,0.798556195
18,CAQUETÁ,18610,SAN JOSÉ DEL FRAGUA,-75.973796,1.330266,-73.95946756,0.798556195
18,CAQUETÁ,18753,SAN VICENTE DEL CAGUÁN,-74.767894,2.119413,-73.95946756,0.798556195
18,CAQUETÁ,18756,SOLANO,-75.253702,0.699077,-73.95946756,0.798556195
18,CAQUETÁ,18785,SOLITA,-75.619902,0.87654,-73.95946756,0.798556195
18,CAQUETÁ,18860,VALPARAÍSO,-75.70671,1.194619,-73.95946756,0.798556195
19,CAUCA,19001,POPAYÁN,-76.599377,2.459641,-76.82423283,2.396833887
19,CAUCA,19022,ALMAGUER,-76.85607,1.913429,-76.82423283,2.396833887
19,CAUCA,19050,ARGELIA,-77.24905,2.257427,-76.82423283,2.396833887
19,CAUCA,19075,BALBOA,-77.215773,2.040998,-76.82423283,2.396833887
19,CAUCA,19100,BOLÍVAR,-76.966215,1.837538,-76.82423283,2.396833887
19,CAUCA,19110,BUENOS AIRES,-76.642238,3.015382,-76.82423283,2.396833887
19,CAUCA,19130,CAJIBÍO,-76.570682,2.623371,-76.82423283,2.396833887
19,CAUCA,19137,CALDONO,-76.484319,2.798059,-76.82423283,2.396833887
19,CAUCA,19142,CALOTO,-76.408941,3.034531,-76.82423283,2.396833887
19,CAUCA,19212,CORINTO,-76.261866,3.173854,-76.82423283,2.396833887
19,CAUCA,19256,EL TAMBO,-76.810911,2.451409,-76.82423283,2.396833887
19,CAUCA,19290,FLORENCIA,-77.072547,1.682535,-76.82423283,2.396833887
19,CAUCA,19300,GUACHENÉ,-76.392189,3.134153,-76.82423283,2.396833887
19,CAUCA,19318,GUAPI,-77.88797,2.571337,-76.82423283,2.396833887
19,CAUCA,19355,INZÁ,-76.063503,2.549183,-76.82423283,2.396833887
19,CAUCA,19364,JAMBALÓ,-76.323877,2.777834,-76.82423283,2.396833887
19,CAUCA,19392,LA SIERRA,-76.763278,2.179383,-76.82423283,2.396833887
19,CAUCA,19397,LA VEGA,-76.778771,2.001803,-76.82423283,2.396833887
19,CAUCA,19418,LÓPEZ DE MICAY,-77.247803,2.846788,-76.82423283,2.396833887
19,CAUCA,19450,MERCADERES,-77.164319,1.789193,-76.82423283,2.396833887
19,CAUCA,19455,MIRANDA,-76.228722,3.254651,-76.82423283,2.396833887
19,CAUCA,19473,MORALES,-76.629106,2.754684,-76.82423283,2.396833887
19,CAUCA,19513,PADILLA,-76.313265,3.220984,-76.82423283,2.396833887
19,CAUCA,19517,PÁEZ,-75.970685,2.645724,-76.82423283,2.396833887
19,CAUCA,19532,PATÍA,-76.981075,2.115875,-76.82423283,2.396833887
19,CAUCA,19533,PIAMONTE,-76.327588,1.11754,-76.82423283,2.396833887
19,CAUCA,19548,PIENDAMÓ - TUNÍA,-76.528615,2.64228,-76.82423283,2.396833887
19,CAUCA,19573,PUERTO TEJADA,-76.417673,3.233254,-76.82423283,2.396833887
19,CAUCA,19585,PURACÉ,-76.496698,2.341507,-76.82423283,2.396833887
19,CAUCA,19622,ROSAS,-76.740336,2.260941,-76.82423283,2.396833887
19,CAUCA,19693,SAN SEBASTIÁN,-76.769467,1.838451,-76.82423283,2.396833887
19,CAUCA,19698,SANTANDER DE QUILICHAO,-76.485141,3.015008,-76.82423283,2.396833887
19,CAUCA,19701,SANTA ROSA,-76.573252,1.700916,-76.82423283,2.396833887
19,CAUCA,19743,SILVIA,-76.379753,2.611927,-76.82423283,2.396833887
19,CAUCA,19760,SOTARÁ PAISPAMBA,-76.613365,2.253156,-76.82423283,2.396833887
19,CAUCA,19780,SUÁREZ,-76.69357,2.959785,-76.82423283,2.396833887
19,CAUCA,19785,SUCRE,-76.926279,2.038237,-76.82423283,2.396833887
19,CAUCA,19807,TIMBÍO,-76.684476,2.349686,-76.82423283,2.396833887
19,CAUCA,19809,TIMBIQUÍ,-77.667541,2.777312,-76.82423283,2.396833887
19,CAUCA,19821,TORIBÍO,-76.270284,2.953017,-76.82423283,2.396833887
19,CAUCA,19824,TOTORÓ,-76.403628,2.510252,-76.82423283,2.396833887
19,CAUCA,19845,VILLA RICA,-76.458025,3.17762,-76.82423283,2.396833887
20,CESAR,20001,VALLEDUPAR,-73.259398,10.460472,-73.51783154,9.53665993
20,CESAR,20011,AGUACHICA,-73.614027,8.306811,-73.51783154,9.53665993
20,CESAR,20013,AGUSTÍN CODAZZI,-73.238389,10.040454,-73.51783154,9.53665993
20,CESAR,20032,ASTREA,-73.975842,9.498062,-73.51783154,9.53665993
20,CESAR,20045,BECERRIL,-73.278707,9.704404,-73.51783154,9.53665993
20,CESAR,20060,BOSCONIA,-73.888761,9.975098,-73.51783154,9.53665993
20,CESAR,20175,CHIMICHAGUA,-73.813278,9.25875,-73.51783154,9.53665993
20,CESAR,20178,CHIRIGUANÁ,-73.599913,9.361058,-73.51783154,9.53665993
20,CESAR,20228,CURUMANÍ,-73.540843,9.201716,-73.51783154,9.53665993
20,CESAR,20238,EL COPEY,-73.962703,10.149883,-73.51783154,9.53665993
20,CESAR,20250,EL PASO,-73.742012,9.668461,-73.51783154,9.53665993
20,CESAR,20295,GAMARRA,-73.737558,8.324793,-73.51783154,9.53665993
20,CESAR,20310,GONZÁLEZ,-73.38004,8.389604,-73.51783154,9.53665993
20,CESAR,20383,LA GLORIA,-73.80321,8.619298,-73.51783154,9.53665993
20,CESAR,20400,LA JAGUA DE IBIRICO,-73.334143,9.563752,-73.51783154,9.53665993
20,CESAR,20443,MANAURE BALCÓN DEL CESAR,-73.029472,10.390776,-73.51783154,9.53665993
20,CESAR,20517,PAILITAS,-73.625825,8.959399,-73.51783154,9.53665993
20,CESAR,20550,PELAYA,-73.666735,8.689451,-73.51783154,9.53665993
20,CESAR,20570,PUEBLO BELLO,-73.586211,10.417321,-73.51783154,9.53665993
20,CESAR,20614,RÍO DE ORO,-73.386393,8.292292,-73.51783154,9.53665993
20,CESAR,20621,LA PAZ,-73.171365,10.387552,-73.51783154,9.53665993
20,CESAR,20710,SAN ALBERTO,-73.393889,7.76111,-73.51783154,9.53665993
20,CESAR,20750,SAN DIEGO,-73.181208,10.333039,-73.51783154,9.53665993
20,CESAR,20770,SAN MARTÍN,-73.510914,7.999855,-73.51783154,9.53665993
20,CESAR,20787,TAMALAMEQUE,-73.812172,8.861725,-73.51783154,9.53665993
23,CÓRDOBA,23001,MONTERÍA,-75.873096,8.759789,-75.79200872,8.358549754
23,CÓRDOBA,23068,AYAPEL,-75.146048,8.313838,-75.79200872,8.358549754
23,CÓRDOBA,23079,BUENAVISTA,-75.480897,8.221187,-75.79200872,8.358549754
23,CÓRDOBA,23090,CANALETE,-76.241476,8.786939,-75.79200872,8.358549754
23,CÓRDOBA,23162,CERETÉ,-75.796093,8.888532,-75.79200872,8.358549754
23,CÓRDOBA,23168,CHIMÁ,-75.626886,9.149698,-75.79200872,8.358549754
23,CÓRDOBA,23182,CHINÚ,-75.399633,9.105473,-75.79200872,8.358549754
23,CÓRDOBA,23189,CIÉNAGA DE ORO,-75.620807,8.875794,-75.79200872,8.358549754
23,CÓRDOBA,23300,COTORRA,-75.799216,9.037163,-75.79200872,8.358549754
23,CÓRDOBA,23350,LA APARTADA,-75.336031,8.050125,-75.79200872,8.358549754
23,CÓRDOBA,23417,LORICA,-75.816084,9.240789,-75.79200872,8.358549754
23,CÓRDOBA,23419,LOS CÓRDOBAS,-76.35518,8.892098,-75.79200872,8.358549754
23,CÓRDOBA,23464,MOMIL,-75.67796,9.240707,-75.79200872,8.358549754
23,CÓRDOBA,23466,MONTELÍBANO,-75.416818,7.973777,-75.79200872,8.358549754
23,CÓRDOBA,23500,MOÑITOS,-76.1291,9.245223,-75.79200872,8.358549754
23,CÓRDOBA,23555,PLANETA RICA,-75.583241,8.4082,-75.79200872,8.358549754
23,CÓRDOBA,23570,PUEBLO NUEVO,-75.508035,8.504099,-75.79200872,8.358549754
23,CÓRDOBA,23574,PUERTO ESCONDIDO,-76.260411,9.005372,-75.79200872,8.358549754
23,CÓRDOBA,23580,PUERTO LIBERTADOR,-75.671761,7.888859,-75.79200872,8.358549754
23,CÓRDOBA,23586,PURÍSIMA DE LA CONCEPCIÓN,-75.724987,9.239295,-75.79200872,8.358549754
23,CÓRDOBA,23660,SAHAGÚN,-75.445834,8.943048,-75.79200872,8.358549754
23,CÓRDOBA,23670,SAN ANDRÉS DE SOTAVENTO,-75.50879,9.145448,-75.79200872,8.358549754
23,CÓRDOBA,23672,SAN ANTERO,-75.76112,9.376434,-75.79200872,8.358549754
23,CÓRDOBA,23675,SAN BERNARDO DEL VIENTO,-75.955107,9.35247,-75.79200872,8.358549754
23,CÓRDOBA,23678,SAN CARLOS,-75.698799,8.799282,-75.79200872,8.358549754
23,CÓRDOBA,23682,SAN JOSÉ DE URÉ,-75.533476,7.787303,-75.79200872,8.358549754
23,CÓRDOBA,23686,SAN PELAYO,-75.835615,8.958436,-75.79200872,8.358549754
23,CÓRDOBA,23807,TIERRALTA,-76.059797,8.170612,-75.79200872,8.358549754
23,CÓRDOBA,23815,TUCHÍN,-75.553962,9.186625,-75.79200872,8.358549754
23,CÓRDOBA,23855,VALENCIA,-76.150756,8.255016,-75.79200872,8.358549754
25,CUNDINAMARCA,25001,AGUA DE DIOS,-74.669221,4.375309,-74.43111092,4.771120716
25,CUNDINAMARCA,25019,ALBÁN,-74.438261,4.878022,-74.43111092,4.771120716
25,CUNDINAMARCA,25035,ANAPOIMA,-74.528676,4.562737,-74.43111092,4.771120716
25,CUNDINAMARCA,25040,ANOLAIMA,-74.46384,4.7617,-74.43111092,4.771120716
25,CUNDINAMARCA,25053,ARBELÁEZ,-74.414901,4.272534,-74.43111092,4.771120716
25,CUNDINAMARCA,25086,BELTRÁN,-74.741666,4.802832,-74.43111092,4.771120716
25,CUNDINAMARCA,25095,BITUIMA,-74.539609,4.872171,-74.43111092,4.771120716
25,CUNDINAMARCA,25099,BOJACÁ,-74.344594,4.737205,-74.43111092,4.771120716
25,CUNDINAMARCA,25120,CABRERA,-74.484549,3.985164,-74.43111092,4.771120716
25,CUNDINAMARCA,25123,CACHIPAY,-74.435711,4.730957,-74.43111092,4.771120716
25,CUNDINAMARCA,25126,CAJICÁ,-74.02298,4.920009,-74.43111092,4.771120716
25,CUNDINAMARCA,25148,CAPARRAPÍ,-74.491045,5.34758,-74.43111092,4.771120716
25,CUNDINAMARCA,25151,CÁQUEZA,-73.946473,4.404112,-74.43111092,4.771120716
25,CUNDINAMARCA,25154,CARMEN DE CARUPA,-73.901357,5.349119,-74.43111092,4.771120716
25,CUNDINAMARCA,25168,CHAGUANÍ,-74.593455,4.948916,-74.43111092,4.771120716
25,CUNDINAMARCA,25175,CHÍA,-74.05,4.866508,-74.43111092,4.771120716
25,CUNDINAMARCA,25178,CHIPAQUE,-74.044876,4.442671,-74.43111092,4.771120716
25,CUNDINAMARCA,25181,CHOACHÍ,-73.922894,4.527048,-74.43111092,4.771120716
25,CUNDINAMARCA,25183,CHOCONTÁ,-73.683533,5.145224,-74.43111092,4.771120716
25,CUNDINAMARCA,25200,COGUA,-73.978497,5.061842,-74.43111092,4.771120716
25,CUNDINAMARCA,25214,COTA,-74.102569,4.812564,-74.43111092,4.771120716
25,CUNDINAMARCA,25224,CUCUNUBÁ,-73.766113,5.249795,-74.43111092,4.771120716
25,CUNDINAMARCA,25245,EL COLEGIO,-74.442261,4.577951,-74.43111092,4.771120716
25,CUNDINAMARCA,25258,EL PEÑÓN,-74.290207,5.248747,-74.43111092,4.771120716
25,CUNDINAMARCA,25260,EL ROSAL,-74.263103,4.850589,-74.43111092,4.771120716
25,CUNDINAMARCA,25269,FACATATIVÁ,-74.350085,4.813353,-74.43111092,4.771120716
25,CUNDINAMARCA,25279,FÓMEQUE,-73.892523,4.485474,-74.43111092,4.771120716
25,CUNDINAMARCA,25281,FOSCA,-73.93902,4.339093,-74.43111092,4.771120716
25,CUNDINAMARCA,25286,FUNZA,-74.201528,4.710412,-74.43111092,4.771120716
25,CUNDINAMARCA,25288,FÚQUENE,-73.795855,5.403997,-74.43111092,4.771120716
25,CUNDINAMARCA,25290,FUSAGASUGÁ,-74.37543,4.336723,-74.43111092,4.771120716
25,CUNDINAMARCA,25293,GACHALÁ,-73.520161,4.693579,-74.43111092,4.771120716
25,CUNDINAMARCA,25295,GACHANCIPÁ,-73.873464,4.990947,-74.43111092,4.771120716
25,CUNDINAMARCA,25297,GACHETÁ,-73.636377,4.816411,-74.43111092,4.771120716
25,CUNDINAMARCA,25299,GAMA,-73.611037,4.763325,-74.43111092,4.771120716
25,CUNDINAMARCA,25307,GIRARDOT,-74.798201,4.313069,-74.43111092,4.771120716
25,CUNDINAMARCA,25312,GRANADA,-74.350766,4.519763,-74.43111092,4.771120716
25,CUNDINAMARCA,25317,GUACHETÁ,-73.686972,5.383378,-74.43111092,4.771120716
25,CUNDINAMARCA,25320,GUADUAS,-74.603402,5.072076,-74.43111092,4.771120716
25,CUNDINAMARCA,25322,GUASCA,-73.877143,4.866719,-74.43111092,4.771120716
25,CUNDINAMARCA,25324,GUATAQUÍ,-74.790058,4.517517,-74.43111092,4.771120716
25,CUNDINAMARCA,25326,GUATAVITA,-73.83293,4.935211,-74.43111092,4.771120716
25,CUNDINAMARCA,25328,GUAYABAL DE SÍQUIMA,-74.467437,4.877968,-74.43111092,4.771120716
25,CUNDINAMARCA,25335,GUAYABETAL,-73.815107,4.215306,-74.43111092,4.771120716
25,CUNDINAMARCA,25339,GUTIÉRREZ,-74.003042,4.254679,-74.43111092,4.771120716
25,CUNDINAMARCA,25368,JERUSALÉN,-74.695474,4.562273,-74.43111092,4.771120716
25,CUNDINAMARCA,25372,JUNÍN,-73.662961,4.79057,-74.43111092,4.771120716
25,CUNDINAMARCA,25377,LA CALERA,-73.968161,4.721104,-74.43111092,4.771120716
25,CUNDINAMARCA,25386,LA MESA,-74.461588,4.631028,-74.43111092,4.771120716
25,CUNDINAMARCA,25394,LA PALMA,-74.391022,5.358816,-74.43111092,4.771120716
25,CUNDINAMARCA,25398,LA PEÑA,-74.394105,5.198945,-74.43111092,4.771120716
25,CUNDINAMARCA,25402,LA VEGA,-74.336885,4.997768,-74.43111092,4.771120716
25,CUNDINAMARCA,25407,LENGUAZAQUE,-73.711512,5.306131,-74.43111092,4.771120716
25,CUNDINAMARCA,25426,MACHETÁ,-73.608226,5.08007,-74.43111092,4.771120716
25,CUNDINAMARCA,25430,MADRID,-74.265854,4.732791,-74.43111092,4.771120716
25,CUNDINAMARCA,25436,MANTA,-73.540444,5.009008,-74.43111092,4.771120716
25,CUNDINAMARCA,25438,MEDINA,-73.348449,4.506298,-74.43111092,4.771120716
25,CUNDINAMARCA,25473,MOSQUERA,-74.221154,4.70653,-74.43111092,4.771120716
25,CUNDINAMARCA,25483,NARIÑO,-74.824732,4.399837,-74.43111092,4.771120716
25,CUNDINAMARCA,25486,NEMOCÓN,-73.877888,5.068705,-74.43111092,4.771120716
25,CUNDINAMARCA,25488,NILO,-74.620009,4.305838,-74.43111092,4.771120716
25,CUNDINAMARCA,25489,NIMAIMA,-74.38604,5.125992,-74.43111092,4.771120716
25,CUNDINAMARCA,25491,NOCAIMA,-74.379093,5.069466,-74.43111092,4.771120716
25,CUNDINAMARCA,25506,VENECIA,-74.478301,4.089056,-74.43111092,4.771120716
25,CUNDINAMARCA,25513,PACHO,-74.156132,5.136907,-74.43111092,4.771120716
25,CUNDINAMARCA,25518,PAIME,-74.152213,5.370487,-74.43111092,4.771120716
25,CUNDINAMARCA,25524,PANDI,-74.486641,4.190393,-74.43111092,4.771120716
25,CUNDINAMARCA,25530,PARATEBUENO,-73.212825,4.374832,-74.43111092,4.771120716
25,CUNDINAMARCA,25535,PASCA,-74.302276,4.308979,-74.43111092,4.771120716
25,CUNDINAMARCA,25572,PUERTO SALGAR,-74.653695,5.465413,-74.43111092,4.771120716
25,CUNDINAMARCA,25580,PULÍ,-74.71438,4.682022,-74.43111092,4.771120716
25,CUNDINAMARCA,25592,QUEBRADANEGRA,-74.48014,5.118076,-74.43111092,4.771120716
25,CUNDINAMARCA,25594,QUETAME,-73.863214,4.329884,-74.43111092,4.771120716
25,CUNDINAMARCA,25596,QUIPILE,-74.533705,4.74481,-74.43111092,4.771120716
25,CUNDINAMARCA,25599,APULO,-74.593926,4.520304,-74.43111092,4.771120716
25,CUNDINAMARCA,25612,RICAURTE,-74.772861,4.282113,-74.43111092,4.771120716
25,CUNDINAMARCA,25645,SAN ANTONIO DEL TEQUENDAMA,-74.351443,4.616138,-74.43111092,4.771120716
25,CUNDINAMARCA,25649,SAN BERNARDO,-74.42296,4.179433,-74.43111092,4.771120716
25,CUNDINAMARCA,25653,SAN CAYETANO,-74.024754,5.332938,-74.43111092,4.771120716
25,CUNDINAMARCA,25658,SAN FRANCISCO,-74.289672,4.972917,-74.43111092,4.771120716
25,CUNDINAMARCA,25662,SAN JUAN DE RIOSECO,-74.621919,4.847575,-74.43111092,4.771120716
25,CUNDINAMARCA,25718,SASAIMA,-74.432628,4.962167,-74.43111092,4.771120716
25,CUNDINAMARCA,25736,SESQUILÉ,-73.796099,5.04476,-74.43111092,4.771120716
25,CUNDINAMARCA,25740,SIBATÉ,-74.257874,4.492625,-74.43111092,4.771120716
25,CUNDINAMARCA,25743,SILVANIA,-74.405534,4.381981,-74.43111092,4.771120716
25,CUNDINAMARCA,25745,SIMIJACA,-73.850703,5.505231,-74.43111092,4.771120716
25,CUNDINAMARCA,25754,SOACHA,-74.215463,4.579268,-74.43111092,4.771120716
25,CUNDINAMARCA,25758,SOPÓ,-73.943328,4.915395,-74.43111092,4.771120716
25,CUNDINAMARCA,25769,SUBACHOQUE,-74.172773,4.929118,-74.43111092,4.771120716
25,CUNDINAMARCA,25772,SUESCA,-73.798227,5.103495,-74.43111092,4.771120716
25,CUNDINAMARCA,25777,SUPATÁ,-74.235403,5.06162,-74.43111092,4.771120716
25,CUNDINAMARCA,25779,SUSA,-73.813938,5.455291,-74.43111092,4.771120716
25,CUNDINAMARCA,25781,SUTATAUSA,-73.853159,5.247482,-74.43111092,4.771120716
25,CUNDINAMARCA,25785,TABIO,-74.096461,4.916832,-74.43111092,4.771120716
25,CUNDINAMARCA,25793,TAUSA,-73.887813,5.196333,-74.43111092,4.771120716
25,CUNDINAMARCA,25797,TENA,-74.389193,4.655286,-74.43111092,4.771120716
25,CUNDINAMARCA,25799,TENJO,-74.143724,4.872014,-74.43111092,4.771120716
25,CUNDINAMARCA,25805,TIBACUY,-74.452662,4.348605,-74.43111092,4.771120716
25,CUNDINAMARCA,25807,TIBIRITA,-73.504514,5.052278,-74.43111092,4.771120716
25,CUNDINAMARCA,25815,TOCAIMA,-74.636296,4.459279,-74.43111092,4.771120716
25,CUNDINAMARCA,25817,TOCANCIPÁ,-73.91207,4.964641,-74.43111092,4.771120716
25,CUNDINAMARCA,25823,TOPAIPÍ,-74.300626,5.336224,-74.43111092,4.771120716
25,CUNDINAMARCA,25839,UBALÁ,-73.531489,4.74762,-74.43111092,4.771120716
25,CUNDINAMARCA,25841,UBAQUE,-73.933477,4.483788,-74.43111092,4.771120716
25,CUNDINAMARCA,25843,VILLA DE SAN DIEGO DE UBATÉ,-73.814367,5.307463,-74.43111092,4.771120716
25,CUNDINAMARCA,25845,UNE,-74.025183,4.40245,-74.43111092,4.771120716
25,CUNDINAMARCA,25851,ÚTICA,-74.483154,5.19055,-74.43111092,4.771120716
25,CUNDINAMARCA,25862,VERGARA,-74.346163,5.117258,-74.43111092,4.771120716
25,CUNDINAMARCA,25867,VIANÍ,-74.56132,4.875208,-74.43111092,4.771120716
25,CUNDINAMARCA,25871,VILLAGÓMEZ,-74.195145,5.273024,-74.43111092,4.771120716
25,CUNDINAMARCA,25873,VILLAPINZÓN,-73.595704,5.216393,-74.43111092,4.771120716
25,CUNDINAMARCA,25875,VILLETA,-74.469686,5.012754,-74.43111092,4.771120716
25,CUNDINAMARCA,25878,VIOTÁ,-74.523131,4.43935,-74.43111092,4.771120716
25,CUNDINAMARCA,25885,YACOPÍ,-74.33806,5.459272,-74.43111092,4.771120716
25,CUNDINAMARCA,25898,ZIPACÓN,-74.379566,4.759932,-74.43111092,4.771120716
25,CUNDINAMARCA,25899,ZIPAQUIRÁ,-73.994444,5.025477,-74.43111092,4.771120716
27,CHOCÓ,27001,QUIBDÓ,-76.638144,5.682166,-76.942811,5.397581542
27,CHOCÓ,27006,ACANDÍ,-77.279951,8.512178,-76.942811,5.397581542
27,CHOCÓ,27025,ALTO BAUDÓ,-76.974373,5.516221,-76.942811,5.397581542
27,CHOCÓ,27050,ATRATO,-76.635674,5.531419,-76.942811,5.397581542
27,CHOCÓ,27073,BAGADÓ,-76.416063,5.409681,-76.942811,5.397581542
27,CHOCÓ,27075,BAHÍA SOLANO,-77.401359,6.222807,-76.942811,5.397581542
27,CHOCÓ,27077,BAJO BAUDÓ,-77.365717,4.954576,-76.942811,5.397581542
27,CHOCÓ,27099,BOJAYÁ,-76.886773,6.559708,-76.942811,5.397581542
27,CHOCÓ,27135,EL CANTÓN DEL SAN PABLO,-76.726844,5.335321,-76.942811,5.397581542
27,CHOCÓ,27150,CARMEN DEL DARIÉN,-76.970798,7.158294,-76.942811,5.397581542
27,CHOCÓ,27160,CÉRTEGUI,-76.607619,5.371373,-76.942811,5.397581542
27,CHOCÓ,27205,CONDOTO,-76.650683,5.091003,-76.942811,5.397581542
27,CHOCÓ,27245,EL CARMEN DE ATRATO,-76.142112,5.899789,-76.942811,5.397581542
27,CHOCÓ,27250,EL LITORAL DEL SAN JUAN,-77.363702,4.259564,-76.942811,5.397581542
27,CHOCÓ,27361,ISTMINA,-76.68518,5.153946,-76.942811,5.397581542
27,CHOCÓ,27372,JURADÓ,-77.762751,7.103619,-76.942811,5.397581542
27,CHOCÓ,27413,LLORÓ,-76.545147,5.49789,-76.942811,5.397581542
27,CHOCÓ,27425,MEDIO ATRATO,-76.783042,5.994935,-76.942811,5.397581542
27,CHOCÓ,27430,MEDIO BAUDÓ,-76.950891,5.192471,-76.942811,5.397581542
27,CHOCÓ,27450,MEDIO SAN JUAN,-76.694409,5.098291,-76.942811,5.397581542
27,CHOCÓ,27491,NÓVITA,-76.609467,4.956063,-76.942811,5.397581542
27,CHOCÓ,27493,NUEVO BELÉN DE BAJIRÁ,-76.71727,7.3719,-76.942811,5.397581542
27,CHOCÓ,27495,NUQUÍ,-77.265507,5.709812,-76.942811,5.397581542
27,CHOCÓ,27580,RÍO IRÓ,-76.472925,5.1863,-76.942811,5.397581542
27,CHOCÓ,27600,RÍO QUITO,-76.740684,5.483667,-76.942811,5.397581542
27,CHOCÓ,27615,RIOSUCIO,-77.113156,7.436704,-76.942811,5.397581542
27,CHOCÓ,27660,SAN JOSÉ DEL PALMAR,-76.234227,4.896954,-76.942811,5.397581542
27,CHOCÓ,27745,SIPÍ,-76.643453,4.65262,-76.942811,5.397581542
27,CHOCÓ,27787,TADÓ,-76.558571,5.264873,-76.942811,5.397581542
27,CHOCÓ,27800,UNGUÍA,-77.092538,8.04406,-76.942811,5.397581542
27,CHOCÓ,27810,UNIÓN PANAMERICANA,-76.630143,5.281108,-76.942811,5.397581542
41,HUILA,41001,NEIVA,-75.277327,2.935432,-75.58434836,2.570143029
41,HUILA,41006,ACEVEDO,-75.888706,1.805173,-75.58434836,2.570143029
41,HUILA,41013,AGRADO,-75.772022,2.25987,-75.58434836,2.570143029
41,HUILA,41016,AIPE,-75.239017,3.223996,-75.58434836,2.570143029
41,HUILA,41020,ALGECIRAS,-75.315389,2.521674,-75.58434836,2.570143029
41,HUILA,41026,ALTAMIRA,-75.788471,2.063841,-75.58434836,2.570143029
41,HUILA,41078,BARAYA,-75.054843,3.152204,-75.58434836,2.570143029
41,HUILA,41132,CAMPOALEGRE,-75.325748,2.686767,-75.58434836,2.570143029
41,HUILA,41206,COLOMBIA,-74.802815,3.376745,-75.58434836,2.570143029
41,HUILA,41244,ELÍAS,-75.938301,2.012854,-75.58434836,2.570143029
41,HUILA,41298,GARZÓN,-75.627057,2.196493,-75.58434836,2.570143029
41,HUILA,41306,GIGANTE,-75.547681,2.384031,-75.58434836,2.570143029
41,HUILA,41319,GUADALUPE,-75.757185,2.02426,-75.58434836,2.570143029
41,HUILA,41349,HOBO,-75.447697,2.580812,-75.58434836,2.570143029
41,HUILA,41357,ÍQUIRA,-75.634497,2.649359,-75.58434836,2.570143029
41,HUILA,41359,ISNOS,-76.217637,1.929467,-75.58434836,2.570143029
41,HUILA,41378,LA ARGENTINA,-75.979763,2.198496,-75.58434836,2.570143029
41,HUILA,41396,LA PLATA,-75.891254,2.389263,-75.58434836,2.570143029
41,HUILA,41483,NÁTAGA,-75.808756,2.5451,-75.58434836,2.570143029
41,HUILA,41503,OPORAPA,-75.995165,2.025088,-75.58434836,2.570143029
41,HUILA,41518,PAICOL,-75.773158,2.449651,-75.58434836,2.570143029
41,HUILA,41524,PALERMO,-75.435296,2.889649,-75.58434836,2.570143029
41,HUILA,41530,PALESTINA,-76.133251,1.723725,-75.58434836,2.570143029
41,HUILA,41548,PITAL,-75.804544,2.266618,-75.58434836,2.570143029
41,HUILA,41551,PITALITO,-76.049441,1.852631,-75.58434836,2.570143029
41,HUILA,41615,RIVERA,-75.258753,2.777586,-75.58434836,2.570143029
41,HUILA,41660,SALADOBLANCO,-76.044747,1.9934,-75.58434836,2.570143029
41,HUILA,41668,SAN AGUSTÍN,-76.27036,1.881081,-75.58434836,2.570143029
41,HUILA,41676,SANTA MARÍA,-75.586223,2.939603,-75.58434836,2.570143029
41,HUILA,41770,SUAZA,-75.79525,1.976051,-75.58434836,2.570143029
41,HUILA,41791,TARQUI,-75.823976,2.111325,-75.58434836,2.570143029
41,HUILA,41797,TESALIA,-75.730271,2.486364,-75.58434836,2.570143029
41,HUILA,41799,TELLO,-75.138773,3.067538,-75.58434836,2.570143029
41,HUILA,41801,TERUEL,-75.567034,2.740968,-75.58434836,2.570143029
41,HUILA,41807,TIMANÁ,-75.932167,1.974539,-75.58434836,2.570143029
41,HUILA,41872,VILLAVIEJA,-75.217174,3.218822,-75.58434836,2.570143029
41,HUILA,41885,YAGUARÁ,-75.518023,2.664694,-75.58434836,2.570143029
44,LA GUAJIRA,44001,RIOHACHA,-72.911795,11.528588,-72.42951072,11.47687008
44,LA GUAJIRA,44035,ALBANIA,-72.61232,11.151628,-72.42951072,11.47687008
44,LA GUAJIRA,44078,BARRANCAS,-72.793639,10.958669,-72.42951072,11.47687008
44,LA GUAJIRA,44090,DIBULLA,-73.307598,11.27155,-72.42951072,11.47687008
44,LA GUAJIRA,44098,DISTRACCIÓN,-72.887405,10.898414,-72.42951072,11.47687008
44,LA GUAJIRA,44110,EL MOLINO,-72.92673,10.653505,-72.42951072,11.47687008
44,LA GUAJIRA,44279,FONSECA,-72.846319,10.886734,-72.42951072,11.47687008
44,LA GUAJIRA,44378,HATONUEVO,-72.75904,11.068864,-72.42951072,11.47687008
44,LA GUAJIRA,44420,LA JAGUA DEL PILAR,-73.072638,10.511862,-72.42951072,11.47687008
44,LA GUAJIRA,44430,MAICAO,-72.242738,11.378535,-72.42951072,11.47687008
44,LA GUAJIRA,44560,MANAURE,-72.438739,11.773767,-72.42951072,11.47687008
44,LA GUAJIRA,44650,SAN JUAN DEL CESAR,-73.000629,10.769546,-72.42951072,11.47687008
44,LA GUAJIRA,44847,URIBIA,-72.265906,11.711904,-72.42951072,11.47687008
44,LA GUAJIRA,44855,URUMITA,-73.012507,10.560169,-72.42951072,11.47687008
44,LA GUAJIRA,44874,VILLANUEVA,-72.977583,10.608774,-72.42951072,11.47687008
47,MAGDALENA,47001,SANTA MARTA,-74.199829,11.204679,-74.26175733,10.24738355
47,MAGDALENA,47030,ALGARROBO,-74.061132,10.188059,-74.26175733,10.24738355
47,MAGDALENA,47053,ARACATACA,-74.186702,10.589791,-74.26175733,10.24738355
47,MAGDALENA,47058,ARIGUANÍ,-74.236515,9.847047,-74.26175733,10.24738355
47,MAGDALENA,47161,CERRO DE SAN ANTONIO,-74.868474,10.325531,-74.26175733,10.24738355
47,MAGDALENA,47170,CHIVOLO,-74.622242,10.026631,-74.26175733,10.24738355
47,MAGDALENA,47189,CIÉNAGA,-74.241286,11.006654,-74.26175733,10.24738355
47,MAGDALENA,47205,CONCORDIA,-74.83303,10.257314,-74.26175733,10.24738355
47,MAGDALENA,47245,EL BANCO,-73.97437,9.008503,-74.26175733,10.24738355
47,MAGDALENA,47258,EL PIÑÓN,-74.823094,10.402781,-74.26175733,10.24738355
47,MAGDALENA,47268,EL RETÉN,-74.268444,10.610488,-74.26175733,10.24738355
47,MAGDALENA,47288,FUNDACIÓN,-74.191453,10.514146,-74.26175733,10.24738355
47,MAGDALENA,47318,GUAMAL,-74.223689,9.144354,-74.26175733,10.24738355
47,MAGDALENA,47460,NUEVA GRANADA,-74.391841,9.80186,-74.26175733,10.24738355
47,MAGDALENA,47541,PEDRAZA,-74.9154,10.18825,-74.26175733,10.24738355
47,MAGDALENA,47545,PIJIÑO DEL CARMEN,-74.459034,9.331922,-74.26175733,10.24738355
47,MAGDALENA,47551,PIVIJAY,-74.613312,10.460707,-74.26175733,10.24738355
47,MAGDALENA,47555,PLATO,-74.784549,9.796713,-74.26175733,10.24738355
47,MAGDALENA,47570,PUEBLOVIEJO,-74.28253,10.994766,-74.26175733,10.24738355
47,MAGDALENA,47605,REMOLINO,-74.716172,10.701952,-74.26175733,10.24738355
47,MAGDALENA,47660,SABANAS DE SAN ÁNGEL,-74.213946,10.032536,-74.26175733,10.24738355
47,MAGDALENA,47675,SALAMINA,-74.794189,10.491229,-74.26175733,10.24738355
47,MAGDALENA,47692,SAN SEBASTIÁN DE BUENAVISTA,-74.351498,9.241656,-74.26175733,10.24738355
47,MAGDALENA,47703,SAN ZENÓN,-74.498992,9.245061,-74.26175733,10.24738355
47,MAGDALENA,47707,SANTA ANA,-74.566845,9.324294,-74.26175733,10.24738355
47,MAGDALENA,47720,SANTA BÁRBARA DE PINTO,-74.704667,9.432263,-74.26175733,10.24738355
47,MAGDALENA,47745,SITIONUEVO,-74.720021,10.775285,-74.26175733,10.24738355
47,MAGDALENA,47798,TENERIFE,-74.859783,9.898273,-74.26175733,10.24738355
47,MAGDALENA,47960,ZAPAYÁN,-74.716878,10.168297,-74.26175733,10.24738355
47,MAGDALENA,47980,ZONA BANANERA,-74.140091,10.763024,-74.26175733,10.24738355
50,META,50001,VILLAVICENCIO,-73.622601,4.126369,-72.95645988,3.345562732
50,META,50006,ACACÍAS,-73.766034,3.990413,-72.95645988,3.345562732
50,META,50110,BARRANCA DE UPÍA,-72.961083,4.566225,-72.95645988,3.345562732
50,META,50124,CABUYARO,-72.791768,4.286705,-72.95645988,3.345562732
50,META,50150,CASTILLA LA NUEVA,-73.687302,3.830005,-72.95645988,3.345562732
50,META,50223,CUBARRAL,-73.837999,3.793653,-72.95645988,3.345562732
50,META,50226,CUMARAL,-73.487052,4.270042,-72.95645988,3.345562732
50,META,50245,EL CALVARIO,-73.713325,4.352665,-72.95645988,3.345562732
50,META,50251,EL CASTILLO,-73.794225,3.563907,-72.95645988,3.345562732
50,META,50270,EL DORADO,-73.835264,3.739984,-72.95645988,3.345562732
50,META,50287,FUENTE DE ORO,-73.618121,3.462875,-72.95645988,3.345562732
50,META,50313,GRANADA,-73.705815,3.547147,-72.95645988,3.345562732
50,META,50318,GUAMAL,-73.768815,3.879657,-72.95645988,3.345562732
50,META,50325,MAPIRIPÁN,-72.135509,2.896617,-72.95645988,3.345562732
50,META,50330,MESETAS,-74.044328,3.382732,-72.95645988,3.345562732
50,META,50350,LA MACARENA,-73.78661,2.177143,-72.95645988,3.345562732
50,META,50370,URIBE,-74.351508,3.239634,-72.95645988,3.345562732
50,META,50400,LEJANÍAS,-74.023514,3.525115,-72.95645988,3.345562732
50,META,50450,PUERTO CONCORDIA,-72.760209,2.624006,-72.95645988,3.345562732
50,META,50568,PUERTO GAITÁN,-72.087649,4.314905,-72.95645988,3.345562732
50,META,50573,PUERTO LÓPEZ,-72.957324,4.09349,-72.95645988,3.345562732
50,META,50577,PUERTO LLERAS,-73.37385,3.272117,-72.95645988,3.345562732
50,META,50590,PUERTO RICO,-73.206314,2.939621,-72.95645988,3.345562732
50,META,50606,RESTREPO,-73.565408,4.259556,-72.95645988,3.345562732
50,META,50680,SAN CARLOS DE GUAROA,-73.242253,3.71065,-72.95645988,3.345562732
50,META,50683,SAN JUAN DE ARAMA,-73.875832,3.373728,-72.95645988,3.345562732
50,META,50686,SAN JUANITO,-73.676699,4.458181,-72.95645988,3.345562732
50,META,50689,SAN MARTÍN,-73.695812,3.701899,-72.95645988,3.345562732
50,META,50711,VISTAHERMOSA,-73.750966,3.125579,-72.95645988,3.345562732
52,NARIÑO,52001,PASTO,-77.278795,1.212352,-77.87020496,1.571094987
52,NARIÑO,52019,ALBÁN,-77.080712,1.474978,-77.87020496,1.571094987
52,NARIÑO,52022,ALDANA,-77.700564,0.882381,-77.87020496,1.571094987
52,NARIÑO,52036,ANCUYA,-77.514512,1.263276,-77.87020496,1.571094987
52,NARIÑO,52051,ARBOLEDA,-77.135467,1.503418,-77.87020496,1.571094987
52,NARIÑO,52079,BARBACOAS,-78.13765,1.671733,-77.87020496,1.571094987
52,NARIÑO,52083,BELÉN,-77.015619,1.595681,-77.87020496,1.571094987
52,NARIÑO,52110,BUESACO,-77.156463,1.381453,-77.87020496,1.571094987
52,NARIÑO,52203,COLÓN,-77.019777,1.643878,-77.87020496,1.571094987
52,NARIÑO,52207,CONSACÁ,-77.466136,1.207854,-77.87020496,1.571094987
52,NARIÑO,52210,CONTADERO,-77.549409,0.910458,-77.87020496,1.571094987
52,NARIÑO,52215,CÓRDOBA,-77.517897,0.854564,-77.87020496,1.571094987
52,NARIÑO,52224,CUASPUD CARLOSAMA,-77.728947,0.862978,-77.87020496,1.571094987
52,NARIÑO,52227,CUMBAL,-77.792505,0.906367,-77.87020496,1.571094987
52,NARIÑO,52233,CUMBITARA,-77.578616,1.647163,-77.87020496,1.571094987
52,NARIÑO,52240,CHACHAGÜÍ,-77.281869,1.360545,-77.87020496,1.571094987
52,NARIÑO,52250,EL CHARCO,-78.110217,2.479688,-77.87020496,1.571094987
52,NARIÑO,52254,EL PEÑOL,-77.438522,1.453567,-77.87020496,1.571094987
52,NARIÑO,52256,EL ROSARIO,-77.33417,1.745309,-77.87020496,1.571094987
52,NARIÑO,52258,EL TABLÓN DE GÓMEZ,-77.097101,1.427277,-77.87020496,1.571094987
52,NARIÑO,52260,EL TAMBO,-77.390772,1.407913,-77.87020496,1.571094987
52,NARIÑO,52287,FUNES,-77.448913,1.001159,-77.87020496,1.571094987
52,NARIÑO,52317,GUACHUCAL,-77.731589,0.959744,-77.87020496,1.571094987
52,NARIÑO,52320,GUAITARILLA,-77.549824,1.129574,-77.87020496,1.571094987
52,NARIÑO,52323,GUALMATÁN,-77.568701,0.919652,-77.87020496,1.571094987
52,NARIÑO,52352,ILES,-77.521227,0.96952,-77.87020496,1.571094987
52,NARIÑO,52354,IMUÉS,-77.496339,1.05506,-77.87020496,1.571094987
52,NARIÑO,52356,IPIALES,-77.646367,0.827732,-77.87020496,1.571094987
52,NARIÑO,52378,LA CRUZ,-76.970504,1.601318,-77.87020496,1.571094987
52,NARIÑO,52381,LA FLORIDA,-77.402882,1.29753,-77.87020496,1.571094987
52,NARIÑO,52385,LA LLANADA,-77.58091,1.472892,-77.87020496,1.571094987
52,NARIÑO,52390,LA TOLA,-78.189725,2.398999,-77.87020496,1.571094987
52,NARIÑO,52399,LA UNIÓN,-77.131316,1.600219,-77.87020496,1.571094987
52,NARIÑO,52405,LEIVA,-77.306135,1.934453,-77.87020496,1.571094987
52,NARIÑO,52411,LINARES,-77.523953,1.350814,-77.87020496,1.571094987
52,NARIÑO,52418,LOS ANDES,-77.521303,1.494587,-77.87020496,1.571094987
52,NARIÑO,52427,MAGÜÍ,-78.182924,1.765633,-77.87020496,1.571094987
52,NARIÑO,52435,MALLAMA,-77.864549,1.141037,-77.87020496,1.571094987
52,NARIÑO,52473,MOSQUERA,-78.452992,2.507139,-77.87020496,1.571094987
52,NARIÑO,52480,NARIÑO,-77.357972,1.288979,-77.87020496,1.571094987
52,NARIÑO,52490,OLAYA HERRERA,-78.325814,2.347457,-77.87020496,1.571094987
52,NARIÑO,52506,OSPINA,-77.566082,1.058433,-77.87020496,1.571094987
52,NARIÑO,52520,FRANCISCO PIZARRO,-78.658361,2.040629,-77.87020496,1.571094987
52,NARIÑO,52540,POLICARPA,-77.458686,1.627196,-77.87020496,1.571094987
52,NARIÑO,52560,POTOSÍ,-77.573003,0.806639,-77.87020496,1.571094987
52,NARIÑO,52565,PROVIDENCIA,-77.596794,1.237814,-77.87020496,1.571094987
52,NARIÑO,52573,PUERRES,-77.504211,0.885125,-77.87020496,1.571094987
52,NARIÑO,52585,PUPIALES,-77.636042,0.870442,-77.87020496,1.571094987
52,NARIÑO,52612,RICAURTE,-77.995153,1.212492,-77.87020496,1.571094987
52,NARIÑO,52621,ROBERTO PAYÁN,-78.245716,1.697492,-77.87020496,1.571094987
52,NARIÑO,52678,SAMANIEGO,-77.594341,1.335438,-77.87020496,1.571094987
52,NARIÑO,52683,SANDONÁ,-77.47313,1.283438,-77.87020496,1.571094987
52,NARIÑO,52685,SAN BERNARDO,-77.0475,1.513762,-77.87020496,1.571094987
52,NARIÑO,52687,SAN LORENZO,-77.21542,1.503362,-77.87020496,1.571094987
52,NARIÑO,52693,SAN PABLO,-77.013984,1.669429,-77.87020496,1.571094987
52,NARIÑO,52694,SAN PEDRO DE CARTAGO,-77.11941,1.551572,-77.87020496,1.571094987
52,NARIÑO,52696,SANTA BÁRBARA,-77.979916,2.449653,-77.87020496,1.571094987
52,NARIÑO,52699,SANTACRUZ,-77.677035,1.222589,-77.87020496,1.571094987
52,NARIÑO,52720,SAPUYES,-77.62028,1.037536,-77.87020496,1.571094987
52,NARIÑO,52786,TAMINANGO,-77.2808,1.570358,-77.87020496,1.571094987
52,NARIÑO,52788,TANGUA,-77.393735,1.09482,-77.87020496,1.571094987
52,NARIÑO,52835,SAN ANDRÉS DE TUMACO,-78.764073,1.807399,-77.87020496,1.571094987
52,NARIÑO,52838,TÚQUERRES,-77.61672,1.085044,-77.87020496,1.571094987
52,NARIÑO,52885,YACUANQUER,-77.400169,1.115937,-77.87020496,1.571094987
54,NORTE DE SANTANDER,54001,SAN JOSÉ DE CÚCUTA,-72.508178,7.905725,-72.88188297,8.09513751
54,NORTE DE SANTANDER,54003,ÁBREGO,-73.221722,8.081616,-72.88188297,8.09513751
54,NORTE DE SANTANDER,54051,ARBOLEDAS,-72.798952,7.642985,-72.88188297,8.09513751
54,NORTE DE SANTANDER,54099,BOCHALEMA,-72.64701,7.612192,-72.88188297,8.09513751
54,NORTE DE SANTANDER,54109,BUCARASICA,-72.868231,8.041299,-72.88188297,8.09513751
54,NORTE DE SANTANDER,54125,CÁCOTA,-72.642059,7.268705,-72.88188297,8.09513751
54,NORTE DE SANTANDER,54128,CÁCHIRA,-73.048983,7.741248,-72.88188297,8.09513751
54,NORTE DE SANTANDER,54172,CHINÁCOTA,-72.601162,7.603112,-72.88188297,8.09513751
54,NORTE DE SANTANDER,54174,CHITAGÁ,-72.665468,7.138187,-72.88188297,8.09513751
54,NORTE DE SANTANDER,54206,CONVENCIÓN,-73.3372,8.470374,-72.88188297,8.09513751
54,NORTE DE SANTANDER,54223,CUCUTILLA,-72.772816,7.539633,-72.88188297,8.09513751
54,NORTE DE SANTANDER,54239,DURANIA,-72.658491,7.714804,-72.88188297,8.09513751
54,NORTE DE SANTANDER,54245,EL CARMEN,-73.446687,8.510579,-72.88188297,8.09513751
54,NORTE DE SANTANDER,54250,EL TARRA,-73.09614,8.574281,-72.88188297,8.09513751
54,NORTE DE SANTANDER,54261,EL ZULIA,-72.604717,7.938572,-72.88188297,8.09513751
54,NORTE DE SANTANDER,54313,GRAMALOTE,-72.787233,7.916946,-72.88188297,8.09513751
54,NORTE DE SANTANDER,54344,HACARÍ,-73.145997,8.321506,-72.88188297,8.09513751
54,NORTE DE SANTANDER,54347,HERRÁN,-72.483519,7.506541,-72.88188297,8.09513751
54,NORTE DE SANTANDER,54377,LABATECA,-72.495983,7.298414,-72.88188297,8.09513751
54,NORTE DE SANTANDER,54385,LA ESPERANZA,-73.328126,7.639839,-72.88188297,8.09513751
54,NORTE DE SANTANDER,54398,LA PLAYA,-73.239986,8.21124,-72.88188297,8.09513751
54,NORTE DE SANTANDER,54405,LOS PATIOS,-72.505612,7.833186,-72.88188297,8.09513751
54,NORTE DE SANTANDER,54418,LOURDES,-72.832376,7.945631,-72.88188297,8.09513751
54,NORTE DE SANTANDER,54480,MUTISCUA,-72.747169,7.300469,-72.88188297,8.09513751
54,NORTE DE SANTANDER,54498,OCAÑA,-73.35607,8.248574,-72.88188297,8.09513751
54,NORTE DE SANTANDER,54518,PAMPLONA,-72.647714,7.372802,-72.88188297,8.09513751
54,NORTE DE SANTANDER,54520,PAMPLONITA,-72.639111,7.436745,-72.88188297,8.09513751
54,NORTE DE SANTANDER,54553,PUERTO SANTANDER,-72.411363,8.359993,-72.88188297,8.09513751
54,NORTE DE SANTANDER,54599,RAGONVALIA,-72.476708,7.577861,-72.88188297,8.09513751
54,NORTE DE SANTANDER,54660,SALAZAR,-72.813064,7.773683,-72.88188297,8.09513751
54,NORTE DE SANTANDER,54670,SAN CALIXTO,-73.208622,8.40214,-72.88188297,8.09513751
54,NORTE DE SANTANDER,54673,SAN CAYETANO,-72.625459,7.875695,-72.88188297,8.09513751
54,NORTE DE SANTANDER,54680,SANTIAGO,-72.716203,7.865856,-72.88188297,8.09513751
54,NORTE DE SANTANDER,54720,SARDINATA,-72.800577,8.082105,-72.88188297,8.09513751
54,NORTE DE SANTANDER,54743,SILOS,-72.757128,7.204736,-72.88188297,8.09513751
54,NORTE DE SANTANDER,54800,TEORAMA,-73.28707,8.438134,-72.88188297,8.09513751
54,NORTE DE SANTANDER,54810,TIBÚ,-72.734496,8.639891,-72.88188297,8.09513751
54,NORTE DE SANTANDER,54820,TOLEDO,-72.481915,7.307692,-72.88188297,8.09513751
54,NORTE DE SANTANDER,54871,VILLA CARO,-72.973601,7.914244,-72.88188297,8.09513751
54,NORTE DE SANTANDER,54874,VILLA DEL ROSARIO,-72.469758,7.847672,-72.88188297,8.09513751
63,QUINDÍO,63001,ARMENIA,-75.680786,4.53598,-75.68962853,4.455241567
63,QUINDÍO,63111,BUENAVISTA,-75.739572,4.360029,-75.68962853,4.455241567
63,QUINDÍO,63130,CALARCÁ,-75.646085,4.520982,-75.68962853,4.455241567
63,QUINDÍO,63190,CIRCASIA,-75.636533,4.617759,-75.68962853,4.455241567
63,QUINDÍO,63212,CÓRDOBA,-75.687866,4.392485,-75.68962853,4.455241567
63,QUINDÍO,63272,FILANDIA,-75.658387,4.674338,-75.68962853,4.455241567
63,QUINDÍO,63302,GÉNOVA,-75.790402,4.206641,-75.68962853,4.455241567
63,QUINDÍO,63401,LA TEBAIDA,-75.786887,4.453755,-75.68962853,4.455241567
63,QUINDÍO,63470,MONTENEGRO,-75.749827,4.565057,-75.68962853,4.455241567
63,QUINDÍO,63548,PIJAO,-75.703329,4.335036,-75.68962853,4.455241567
63,QUINDÍO,63594,QUIMBAYA,-75.765074,4.624387,-75.68962853,4.455241567
63,QUINDÍO,63690,SALENTO,-75.570844,4.637157,-75.68962853,4.455241567
66,RISARALDA,66001,PEREIRA,-75.719711,4.804985,-76.00244469,5.240757239
66,RISARALDA,66045,APÍA,-75.942356,5.106526,-76.00244469,5.240757239
66,RISARALDA,66075,BALBOA,-75.958663,4.949096,-76.00244469,5.240757239
66,RISARALDA,66088,BELÉN DE UMBRÍA,-75.868334,5.200793,-76.00244469,5.240757239
66,RISARALDA,66170,DOSQUEBRADAS,-75.675371,4.833131,-76.00244469,5.240757239
66,RISARALDA,66318,GUÁTICA,-75.799005,5.315367,-76.00244469,5.240757239
66,RISARALDA,66383,LA CELIA,-76.0032,5.002787,-76.00244469,5.240757239
66,RISARALDA,66400,LA VIRGINIA,-75.880394,4.896624,-76.00244469,5.240757239
66,RISARALDA,66440,MARSELLA,-75.73879,4.935771,-76.00244469,5.240757239
66,RISARALDA,66456,MISTRATÓ,-75.882886,5.297039,-76.00244469,5.240757239
66,RISARALDA,66572,PUEBLO RICO,-76.030801,5.222043,-76.00244469,5.240757239
66,RISARALDA,66594,QUINCHÍA,-75.730431,5.340456,-76.00244469,5.240757239
66,RISARALDA,66682,SANTA ROSA DE CABAL,-75.623268,4.876271,-76.00244469,5.240757239
66,RISARALDA,66687,SANTUARIO,-75.964628,5.074911,-76.00244469,5.240757239
68,SANTANDER,68001,BUCARAMANGA,-73.132562,7.11647,-73.48600894,6.693633184
68,SANTANDER,68013,AGUADA,-73.523132,6.162355,-73.48600894,6.693633184
68,SANTANDER,68020,ALBANIA,-73.91336,5.759166,-73.48600894,6.693633184
68,SANTANDER,68051,ARATOCA,-73.01786,6.694418,-73.48600894,6.693633184
68,SANTANDER,68077,BARBOSA,-73.615965,5.932531,-73.48600894,6.693633184
68,SANTANDER,68079,BARICHARA,-73.223047,6.634111,-73.48600894,6.693633184
68,SANTANDER,68081,BARRANCABERMEJA,-73.849243,7.064857,-73.48600894,6.693633184
68,SANTANDER,68092,BETULIA,-73.283669,6.899525,-73.48600894,6.693633184
68,SANTANDER,68101,BOLÍVAR,-73.771346,5.988953,-73.48600894,6.693633184
68,SANTANDER,68121,CABRERA,-73.246475,6.592118,-73.48600894,6.693633184
68,SANTANDER,68132,CALIFORNIA,-72.946491,7.347989,-73.48600894,6.693633184
68,SANTANDER,68147,CAPITANEJO,-72.695427,6.527394,-73.48600894,6.693633184
68,SANTANDER,68152,CARCASÍ,-72.627099,6.629016,-73.48600894,6.693633184
68,SANTANDER,68160,CEPITÁ,-72.973536,6.753518,-73.48600894,6.693633184
68,SANTANDER,68162,CERRITO,-72.694851,6.840405,-73.48600894,6.693633184
68,SANTANDER,68167,CHARALÁ,-73.146873,6.284339,-73.48600894,6.693633184
68,SANTANDER,68169,CHARTA,-72.968798,7.28082,-73.48600894,6.693633184
68,SANTANDER,68176,CHIMA,-73.373656,6.344348,-73.48600894,6.693633184
68,SANTANDER,68179,CHIPATÁ,-73.637111,6.062521,-73.48600894,6.693633184
68,SANTANDER,68190,CIMITARRA,-73.953011,6.320886,-73.48600894,6.693633184
68,SANTANDER,68207,CONCEPCIÓN,-72.694567,6.768908,-73.48600894,6.693633184
68,SANTANDER,68209,CONFINES,-73.240554,6.357327,-73.48600894,6.693633184
68,SANTANDER,68211,CONTRATACIÓN,-73.474426,6.290561,-73.48600894,6.693633184
68,SANTANDER,68217,COROMORO,-73.040816,6.294999,-73.48600894,6.693633184
68,SANTANDER,68229,CURITÍ,-73.069383,6.605099,-73.48600894,6.693633184
68,SANTANDER,68235,EL CARMEN DE CHUCURÍ,-73.51066,6.700038,-73.48600894,6.693633184
68,SANTANDER,68245,EL GUACAMAYO,-73.496908,6.245111,-73.48600894,6.693633184
68,SANTANDER,68250,EL PEÑÓN,-73.815532,6.05537,-73.48600894,6.693633184
68,SANTANDER,68255,EL PLAYÓN,-73.20287,7.470715,-73.48600894,6.693633184
68,SANTANDER,68264,ENCINO,-73.098749,6.137429,-73.48600894,6.693633184
68,SANTANDER,68266,ENCISO,-72.699647,6.668034,-73.48600894,6.693633184
68,SANTANDER,68271,FLORIÁN,-73.97143,5.804659,-73.48600894,6.693633184
68,SANTANDER,68276,FLORIDABLANCA,-73.099104,7.072329,-73.48600894,6.693633184
68,SANTANDER,68296,GALÁN,-73.287769,6.638423,-73.48600894,6.693633184
68,SANTANDER,68298,GÁMBITA,-73.344185,5.945998,-73.48600894,6.693633184
68,SANTANDER,68307,GIRÓN,-73.166832,7.070432,-73.48600894,6.693633184
68,SANTANDER,68318,GUACA,-72.856322,6.876563,-73.48600894,6.693633184
68,SANTANDER,68320,GUADALUPE,-73.419292,6.245847,-73.48600894,6.693633184
68,SANTANDER,68322,GUAPOTÁ,-73.320732,6.308635,-73.48600894,6.693633184
68,SANTANDER,68324,GUAVATÁ,-73.700906,5.954348,-73.48600894,6.693633184
68,SANTANDER,68327,GÜEPSA,-73.575146,6.025013,-73.48600894,6.693633184
68,SANTANDER,68344,HATO,-73.308399,6.543957,-73.48600894,6.693633184
68,SANTANDER,68368,JESÚS MARÍA,-73.783396,5.876497,-73.48600894,6.693633184
68,SANTANDER,68370,JORDÁN,-73.096053,6.732727,-73.48600894,6.693633184
68,SANTANDER,68377,LA BELLEZA,-73.965494,5.85925,-73.48600894,6.693633184
68,SANTANDER,68385,LANDÁZURI,-73.811359,6.218812,-73.48600894,6.693633184
68,SANTANDER,68397,LA PAZ,-73.58959,6.178509,-73.48600894,6.693633184
68,SANTANDER,68406,LEBRIJA,-73.219524,7.113351,-73.48600894,6.693633184
68,SANTANDER,68418,LOS SANTOS,-73.102739,6.755203,-73.48600894,6.693633184
68,SANTANDER,68425,MACARAVITA,-72.593105,6.50658,-73.48600894,6.693633184
68,SANTANDER,68432,MÁLAGA,-72.732089,6.703081,-73.48600894,6.693633184
68,SANTANDER,68444,MATANZA,-73.015566,7.323175,-73.48600894,6.693633184
68,SANTANDER,68464,MOGOTES,-72.969807,6.475246,-73.48600894,6.693633184
68,SANTANDER,68468,MOLAGAVITA,-72.809175,6.67432,-73.48600894,6.693633184
68,SANTANDER,68498,OCAMONTE,-73.122563,6.339988,-73.48600894,6.693633184
68,SANTANDER,68500,OIBA,-73.299791,6.26521,-73.48600894,6.693633184
68,SANTANDER,68502,ONZAGA,-72.816766,6.344104,-73.48600894,6.693633184
68,SANTANDER,68522,PALMAR,-73.29109,6.537789,-73.48600894,6.693633184
68,SANTANDER,68524,PALMAS DEL SOCORRO,-73.287764,6.406139,-73.48600894,6.693633184
68,SANTANDER,68533,PÁRAMO,-73.17022,6.416811,-73.48600894,6.693633184
68,SANTANDER,68547,PIEDECUESTA,-73.054795,6.997245,-73.48600894,6.693633184
68,SANTANDER,68549,PINCHOTE,-73.174209,6.531552,-73.48600894,6.693633184
68,SANTANDER,68572,PUENTE NACIONAL,-73.677567,5.878381,-73.48600894,6.693633184
68,SANTANDER,68573,PUERTO PARRA,-74.056129,6.650785,-73.48600894,6.693633184
68,SANTANDER,68575,PUERTO WILCHES,-73.899909,7.344057,-73.48600894,6.693633184
68,SANTANDER,68615,RIONEGRO,-73.150177,7.265014,-73.48600894,6.693633184
68,SANTANDER,68655,SABANA DE TORRES,-73.49906,7.391919,-73.48600894,6.693633184
68,SANTANDER,68669,SAN ANDRÉS,-72.848864,6.811511,-73.48600894,6.693633184
68,SANTANDER,68673,SAN BENITO,-73.50907,6.126656,-73.48600894,6.693633184
68,SANTANDER,68679,SAN GIL,-73.134776,6.551952,-73.48600894,6.693633184
68,SANTANDER,68682,SAN JOAQUÍN,-72.867638,6.427548,-73.48600894,6.693633184
68,SANTANDER,68684,SAN JOSÉ DE MIRANDA,-72.733616,6.658995,-73.48600894,6.693633184
68,SANTANDER,68686,SAN MIGUEL,-72.644123,6.575315,-73.48600894,6.693633184
68,SANTANDER,68689,SAN VICENTE DE CHUCURÍ,-73.411024,6.880383,-73.48600894,6.693633184
68,SANTANDER,68705,SANTA BÁRBARA,-72.907445,6.990996,-73.48600894,6.693633184
68,SANTANDER,68720,SANTA HELENA DEL OPÓN,-73.616716,6.339565,-73.48600894,6.693633184
68,SANTANDER,68745,SIMACOTA,-73.337368,6.443469,-73.48600894,6.693633184
68,SANTANDER,68755,SOCORRO,-73.261198,6.46387,-73.48600894,6.693633184
68,SANTANDER,68770,SUAITA,-73.44165,6.101329,-73.48600894,6.693633184
68,SANTANDER,68773,SUCRE,-73.790975,5.918743,-73.48600894,6.693633184
68,SANTANDER,68780,SURATÁ,-72.984232,7.36658,-73.48600894,6.693633184
68,SANTANDER,68820,TONA,-72.967023,7.201417,-73.48600894,6.693633184
68,SANTANDER,68855,VALLE DE SAN JOSÉ,-73.143507,6.448028,-73.48600894,6.693633184
68,SANTANDER,68861,VÉLEZ,-73.672447,6.009275,-73.48600894,6.693633184
68,SANTANDER,68867,VETAS,-72.871041,7.30981,-73.48600894,6.693633184
68,SANTANDER,68872,VILLANUEVA,-73.174307,6.670078,-73.48600894,6.693633184
68,SANTANDER,68895,ZAPATOCA,-73.268034,6.814387,-73.48600894,6.693633184
70,SUCRE,70001,SINCELEJO,-75.395445,9.302322,-75.10981755,9.064941448
70,SUCRE,70110,BUENAVISTA,-74.972827,9.319794,-75.10981755,9.064941448
70,SUCRE,70124,CAIMITO,-75.117141,8.789324,-75.10981755,9.064941448
70,SUCRE,70204,COLOSÓ,-75.353256,9.494192,-75.10981755,9.064941448
70,SUCRE,70215,COROZAL,-75.293048,9.318749,-75.10981755,9.064941448
70,SUCRE,70221,COVEÑAS,-75.680158,9.402779,-75.10981755,9.064941448
70,SUCRE,70230,CHALÁN,-75.312697,9.545352,-75.10981755,9.064941448
70,SUCRE,70233,EL ROBLE,-75.198378,9.100647,-75.10981755,9.064941448
70,SUCRE,70235,GALERAS,-75.04959,9.160379,-75.10981755,9.064941448
70,SUCRE,70265,GUARANDA,-74.537749,8.468556,-75.10981755,9.064941448
70,SUCRE,70400,LA UNIÓN,-75.276056,8.853975,-75.10981755,9.064941448
70,SUCRE,70418,LOS PALMITOS,-75.268716,9.380269,-75.10981755,9.064941448
70,SUCRE,70429,MAJAGUAL,-74.628077,8.541163,-75.10981755,9.064941448
70,SUCRE,70473,MORROA,-75.305949,9.331395,-75.10981755,9.064941448
70,SUCRE,70508,OVEJAS,-75.229037,9.527176,-75.10981755,9.064941448
70,SUCRE,70523,PALMITO,-75.541264,9.333157,-75.10981755,9.064941448
70,SUCRE,70670,SAMPUÉS,-75.380222,9.183193,-75.10981755,9.064941448
70,SUCRE,70678,SAN BENITO ABAD,-75.031089,8.930108,-75.10981755,9.064941448
70,SUCRE,70702,SAN JUAN DE BETULIA,-75.243565,9.273066,-75.10981755,9.064941448
70,SUCRE,70708,SAN MARCOS,-75.133831,8.661774,-75.10981755,9.064941448
70,SUCRE,70713,SAN ONOFRE,-75.522398,9.736955,-75.10981755,9.064941448
70,SUCRE,70717,SAN PEDRO,-75.063647,9.39625,-75.10981755,9.064941448
70,SUCRE,70742,SAN LUIS DE SINCÉ,-75.145999,9.244308,-75.10981755,9.064941448
70,SUCRE,70771,SUCRE,-74.723175,8.811737,-75.10981755,9.064941448
70,SUCRE,70820,SANTIAGO DE TOLÚ,-75.581112,9.525387,-75.10981755,9.064941448
70,SUCRE,70823,SAN JOSÉ DE TOLUVIEJO,-75.44085,9.451819,-75.10981755,9.064941448
73,TOLIMA,73001,IBAGUÉ,-75.19425,4.432248,-75.2558271,4.03477252
73,TOLIMA,73024,ALPUJARRA,-74.9329,3.391548,-75.2558271,4.03477252
73,TOLIMA,73026,ALVARADO,-74.953418,4.567356,-75.2558271,4.03477252
73,TOLIMA,73030,AMBALEMA,-74.764429,4.782682,-75.2558271,4.03477252
73,TOLIMA,73043,ANZOÁTEGUI,-75.093772,4.631756,-75.2558271,4.03477252
73,TOLIMA,73055,ARMERO,-74.884438,5.030744,-75.2558271,4.03477252
73,TOLIMA,73067,ATACO,-75.382545,3.590591,-75.2558271,4.03477252
73,TOLIMA,73124,CAJAMARCA,-75.431971,4.438812,-75.2558271,4.03477252
73,TOLIMA,73148,CARMEN DE APICALÁ,-74.717633,4.152334,-75.2558271,4.03477252
73,TOLIMA,73152,CASABIANCA,-75.120966,5.078465,-75.2558271,4.03477252
73,TOLIMA,73168,CHAPARRAL,-75.480765,3.722918,-75.2558271,4.03477252
73,TOLIMA,73200,COELLO,-74.898464,4.287276,-75.2558271,4.03477252
73,TOLIMA,73217,COYAIMA,-75.193862,3.798036,-75.2558271,4.03477252
73,TOLIMA,73226,CUNDAY,-74.692227,4.059259,-75.2558271,4.03477252
73,TOLIMA,73236,DOLORES,-74.896761,3.539072,-75.2558271,4.03477252
73,TOLIMA,73268,ESPINAL,-74.885446,4.151314,-75.2558271,4.03477252
73,TOLIMA,73270,FALAN,-74.953007,5.123104,-75.2558271,4.03477252
73,TOLIMA,73275,FLANDES,-74.818763,4.276373,-75.2558271,4.03477252
73,TOLIMA,73283,FRESNO,-75.035722,5.153576,-75.2558271,4.03477252
73,TOLIMA,73319,GUAMO,-74.968135,4.030992,-75.2558271,4.03477252
73,TOLIMA,73347,HERVEO,-75.177151,5.080228,-75.2558271,4.03477252
73,TOLIMA,73349,HONDA,-74.75699,5.211816,-75.2558271,4.03477252
73,TOLIMA,73352,ICONONZO,-74.531969,4.176487,-75.2558271,4.03477252
73,TOLIMA,73408,LÉRIDA,-74.910716,4.862046,-75.2558271,4.03477252
73,TOLIMA,73411,LÍBANO,-75.061959,4.92042,-75.2558271,4.03477252
73,TOLIMA,73443,SAN SEBASTIÁN DE MARIQUITA,-74.889276,5.199708,-75.2558271,4.03477252
73,TOLIMA,73449,MELGAR,-74.641317,4.203655,-75.2558271,4.03477252
73,TOLIMA,73461,MURILLO,-75.171022,4.874341,-75.2558271,4.03477252
73,TOLIMA,73483,NATAGAIMA,-75.093182,3.624324,-75.2558271,4.03477252
73,TOLIMA,73504,ORTEGA,-75.222601,3.934916,-75.2558271,4.03477252
73,TOLIMA,73520,PALOCABILDO,-75.022167,5.120918,-75.2558271,4.03477252
73,TOLIMA,73547,PIEDRAS,-74.878106,4.543951,-75.2558271,4.03477252
73,TOLIMA,73555,PLANADAS,-75.644163,3.197911,-75.2558271,4.03477252
73,TOLIMA,73563,PRADO,-74.927447,3.750939,-75.2558271,4.03477252
73,TOLIMA,73585,PURIFICACIÓN,-74.935555,3.857246,-75.2558271,4.03477252
73,TOLIMA,73616,RIOBLANCO,-75.644069,3.529932,-75.2558271,4.03477252
73,TOLIMA,73622,RONCESVALLES,-75.605959,4.011567,-75.2558271,4.03477252
73,TOLIMA,73624,ROVIRA,-75.240648,4.239019,-75.2558271,4.03477252
73,TOLIMA,73671,SALDAÑA,-75.016852,3.929815,-75.2558271,4.03477252
73,TOLIMA,73675,SAN ANTONIO,-75.480074,3.914146,-75.2558271,4.03477252
73,TOLIMA,73678,SAN LUIS,-75.095804,4.133721,-75.2558271,4.03477252
73,TOLIMA,73686,SANTA ISABEL,-75.097934,4.713606,-75.2558271,4.03477252
73,TOLIMA,73770,SUÁREZ,-74.831885,4.048891,-75.2558271,4.03477252
73,TOLIMA,73854,VALLE DE SAN JUAN,-75.115669,4.197494,-75.2558271,4.03477252
73,TOLIMA,73861,VENADILLO,-74.929333,4.717878,-75.2558271,4.03477252
73,TOLIMA,73870,VILLAHERMOSA,-75.117729,5.030452,-75.2558271,4.03477252
73,TOLIMA,73873,VILLARRICA,-74.600285,3.936902,-75.2558271,4.03477252
76,VALLE DEL CAUCA,76001,SANTIAGO DE CALI,-76.52133,3.413686,-76.62850427,3.569858693
76,VALLE DEL CAUCA,76020,ALCALÁ,-75.779792,4.674994,-76.62850427,3.569858693
76,VALLE DEL CAUCA,76036,ANDALUCÍA,-76.167925,4.171713,-76.62850427,3.569858693
76,VALLE DEL CAUCA,76041,ANSERMANUEVO,-75.992003,4.794984,-76.62850427,3.569858693
76,VALLE DEL CAUCA,76054,ARGELIA,-76.119905,4.726945,-76.62850427,3.569858693
76,VALLE DEL CAUCA,76100,BOLÍVAR,-76.183583,4.337846,-76.62850427,3.569858693
76,VALLE DEL CAUCA,76109,BUENAVENTURA,-77.01074,3.875708,-76.62850427,3.569858693
76,VALLE DEL CAUCA,76111,GUADALAJARA DE BUGA,-76.298979,3.900736,-76.62850427,3.569858693
76,VALLE DEL CAUCA,76113,BUGALAGRANDE,-76.15682,4.208358,-76.62850427,3.569858693
76,VALLE DEL CAUCA,76122,CAICEDONIA,-75.830594,4.334808,-76.62850427,3.569858693
76,VALLE DEL CAUCA,76126,CALIMA,-76.484132,3.933664,-76.62850427,3.569858693
76,VALLE DEL CAUCA,76130,CANDELARIA,-76.346519,3.408354,-76.62850427,3.569858693
76,VALLE DEL CAUCA,76147,CARTAGO,-75.924374,4.742192,-76.62850427,3.569858693
76,VALLE DEL CAUCA,76233,DAGUA,-76.68886,3.657318,-76.62850427,3.569858693
76,VALLE DEL CAUCA,76243,EL ÁGUILA,-76.042779,4.906062,-76.62850427,3.569858693
76,VALLE DEL CAUCA,76246,EL CAIRO,-76.221611,4.760874,-76.62850427,3.569858693
76,VALLE DEL CAUCA,76248,EL CERRITO,-76.311972,3.684229,-76.62850427,3.569858693
76,VALLE DEL CAUCA,76250,EL DOVIO,-76.237084,4.510452,-76.62850427,3.569858693
76,VALLE DEL CAUCA,76275,FLORIDA,-76.234199,3.324118,-76.62850427,3.569858693
76,VALLE DEL CAUCA,76306,GINEBRA,-76.268068,3.724181,-76.62850427,3.569858693
76,VALLE DEL CAUCA,76318,GUACARÍ,-76.330911,3.761815,-76.62850427,3.569858693
76,VALLE DEL CAUCA,76364,JAMUNDÍ,-76.538472,3.258751,-76.62850427,3.569858693
76,VALLE DEL CAUCA,76377,LA CUMBRE,-76.56805,3.649268,-76.62850427,3.569858693
76,VALLE DEL CAUCA,76400,LA UNIÓN,-76.099661,4.533869,-76.62850427,3.569858693
76,VALLE DEL CAUCA,76403,LA VICTORIA,-76.036529,4.523603,-76.62850427,3.569858693
76,VALLE DEL CAUCA,76497,OBANDO,-75.974709,4.575712,-76.62850427,3.569858693
76,VALLE DEL CAUCA,76520,PALMIRA,-76.298846,3.531544,-76.62850427,3.569858693
76,VALLE DEL CAUCA,76563,PRADERA,-76.241799,3.419793,-76.62850427,3.569858693
76,VALLE DEL CAUCA,76606,RESTREPO,-76.523329,3.821351,-76.62850427,3.569858693
76,VALLE DEL CAUCA,76616,RIOFRÍO,-76.288313,4.156908,-76.62850427,3.569858693
76,VALLE DEL CAUCA,76622,ROLDANILLO,-76.152277,4.413601,-76.62850427,3.569858693
76,VALLE DEL CAUCA,76670,SAN PEDRO,-76.228692,3.995073,-76.62850427,3.569858693
76,VALLE DEL CAUCA,76736,SEVILLA,-75.931629,4.270714,-76.62850427,3.569858693
76,VALLE DEL CAUCA,76823,TORO,-76.076859,4.608085,-76.62850427,3.569858693
76,VALLE DEL CAUCA,76828,TRUJILLO,-76.318818,4.212037,-76.62850427,3.569858693
76,VALLE DEL CAUCA,76834,TULUÁ,-76.197731,4.085399,-76.62850427,3.569858693
76,VALLE DEL CAUCA,76845,ULLOA,-75.737808,4.703623,-76.62850427,3.569858693
76,VALLE DEL CAUCA,76863,VERSALLES,-76.199203,4.575019,-76.62850427,3.569858693
76,VALLE DEL CAUCA,76869,VIJES,-76.441804,3.698686,-76.62850427,3.569858693
76,VALLE DEL CAUCA,76890,YOTOCO,-76.382698,3.861241,-76.62850427,3.569858693
76,VALLE DEL CAUCA,76892,YUMBO,-76.499893,3.540097,-76.62850427,3.569858693
76,VALLE DEL CAUCA,76895,ZARZAL,-76.070795,4.392658,-76.62850427,3.569858693
81,ARAUCA,81001,ARAUCA,-70.747408,7.072726,-70.96732394,6.569577215
81,ARAUCA,81065,ARAUQUITA,-71.426733,7.02702,-70.96732394,6.569577215
81,ARAUCA,81220,CRAVO NORTE,-70.204286,6.303913,-70.96732394,6.569577215
81,ARAUCA,81300,FORTUL,-71.76877,6.796695,-70.96732394,6.569577215
81,ARAUCA,81591,PUERTO RONDÓN,-71.10339,6.281461,-70.96732394,6.569577215
81,ARAUCA,81736,SARAVENA,-71.872812,6.953926,-70.96732394,6.569577215
81,ARAUCA,81794,TAME,-71.754427,6.453324,-70.96732394,6.569577215
85,CASANARE,85001,YOPAL,-72.396132,5.327102,-71.60188073,5.404064237
85,CASANARE,85010,AGUAZUL,-72.546838,5.172641,-71.60188073,5.404064237
85,CASANARE,85015,CHÁMEZA,-72.87016,5.214527,-71.60188073,5.404064237
85,CASANARE,85125,HATO COROZAL,-71.764213,6.154099,-71.60188073,5.404064237
85,CASANARE,85136,LA SALINA,-72.334978,6.127762,-71.60188073,5.404064237
85,CASANARE,85139,MANÍ,-72.281384,4.81681,-71.60188073,5.404064237
85,CASANARE,85162,MONTERREY,-72.894065,4.877017,-71.60188073,5.404064237
85,CASANARE,85225,NUNCHÍA,-72.195323,5.636474,-71.60188073,5.404064237
85,CASANARE,85230,OROCUÉ,-71.338533,4.790258,-71.60188073,5.404064237
85,CASANARE,85250,PAZ DE ARIPORO,-71.890348,5.879827,-71.60188073,5.404064237
85,CASANARE,85263,PORE,-71.99286,5.72773,-71.60188073,5.404064237
85,CASANARE,85279,RECETOR,-72.760991,5.229181,-71.60188073,5.404064237
85,CASANARE,85300,SABANALARGA,-73.038696,4.854787,-71.60188073,5.404064237
85,CASANARE,85315,SÁCAMA,-72.250157,6.096738,-71.60188073,5.404064237
85,CASANARE,85325,SAN LUIS DE PALENQUE,-71.732198,5.422397,-71.60188073,5.404064237
85,CASANARE,85400,TÁMARA,-72.16165,5.829543,-71.60188073,5.404064237
85,CASANARE,85410,TAURAMENA,-72.74662,5.018977,-71.60188073,5.404064237
85,CASANARE,85430,TRINIDAD,-71.662812,5.412178,-71.60188073,5.404064237
85,CASANARE,85440,VILLANUEVA,-72.927797,4.61035,-71.60188073,5.404064237
86,PUTUMAYO,86001,MOCOA,-76.654238,1.151172,-75.51406183,0.3673031
86,PUTUMAYO,86219,COLÓN,-76.972566,1.190133,-75.51406183,0.3673031
86,PUTUMAYO,86320,ORITO,-76.873276,0.663593,-75.51406183,0.3673031
86,PUTUMAYO,86568,PUERTO ASÍS,-76.496887,0.505627,-75.51406183,0.3673031
86,PUTUMAYO,86569,PUERTO CAICEDO,-76.606118,0.687784,-75.51406183,0.3673031
86,PUTUMAYO,86571,PUERTO GUZMÁN,-76.407663,0.962854,-75.51406183,0.3673031
86,PUTUMAYO,86573,PUERTO LEGUÍZAMO,-74.781842,-0.192318,-75.51406183,0.3673031
86,PUTUMAYO,86749,SIBUNDOY,-76.917814,1.20026,-75.51406183,0.3673031
86,PUTUMAYO,86755,SAN FRANCISCO,-76.879283,1.174194,-75.51406183,0.3673031
86,PUTUMAYO,86757,SAN MIGUEL,-76.91217,0.34346,-75.51406183,0.3673031
86,PUTUMAYO,86760,SANTIAGO,-77.002641,1.147076,-75.51406183,0.3673031
86,PUTUMAYO,86865,VALLE DEL GUAMUEZ,-76.906751,0.423506,-75.51406183,0.3673031
86,PUTUMAYO,86885,VILLAGARZÓN,-76.61721,1.028821,-75.51406183,0.3673031
88,"ARCHIPIÉLAGO DE SAN ANDRÉS, PROVIDENCIA Y SANTA CATALINA",88001,SAN ANDRÉS,-81.707181,12.578108,-81.71762382,12.54311512
88,"ARCHIPIÉLAGO DE SAN ANDRÉS, PROVIDENCIA Y SANTA CATALINA",88564,PROVIDENCIA,-81.368386,13.373185,-81.71762382,12.54311512
91,AMAZONAS,91001,LETICIA,-69.941721,-4.19895,-71.50212858,-1.54622768
91,AMAZONAS,91263,EL ENCANTO,-73.207114,-1.74806,-71.50212858,-1.54622768
91,AMAZONAS,91405,LA CHORRERA,-72.791889,-1.442617,-71.50212858,-1.54622768
91,AMAZONAS,91407,LA PEDRERA,-69.585499,-1.320301,-71.50212858,-1.54622768
91,AMAZONAS,91430,LA VICTORIA,-71.223208,0.054936,-71.50212858,-1.54622768
91,AMAZONAS,91460,MIRITÍ - PARANÁ,-70.98893,-0.888833,-71.50212858,-1.54622768
91,AMAZONAS,91530,PUERTO ALEGRÍA,-74.014461,-1.005674,-71.50212858,-1.54622768
91,AMAZONAS,91536,PUERTO ARICA,-71.752186,-2.147039,-71.50212858,-1.54622768
91,AMAZONAS,91540,PUERTO NARIÑO,-70.364937,-3.779934,-71.50212858,-1.54622768
91,AMAZONAS,91669,PUERTO SANTANDER,-72.384213,-0.621184,-71.50212858,-1.54622768
91,AMAZONAS,91798,TARAPACÁ,-69.741745,-2.890126,-71.50212858,-1.54622768
94,GUAINÍA,94001,INÍRIDA,-67.918613,3.866764,-68.81661272,2.727842865
94,GUAINÍA,94343,BARRANCOMINAS,-69.814066,3.494178,-68.81661272,2.727842865
94,GUAINÍA,94883,SAN FELIPE,-67.067848,1.912495,-68.81661272,2.727842865
94,GUAINÍA,94884,PUERTO COLOMBIA,-67.566774,2.726438,-68.81661272,2.727842865
94,GUAINÍA,94885,LA GUADALUPE,-66.963692,1.632464,-68.81661272,2.727842865
94,GUAINÍA,94886,CACAHUAL,-67.413312,3.52617,-68.81661272,2.727842865
94,GUAINÍA,94887,PANA PANA,-69.0099,1.865668,-68.81661272,2.727842865
94,GUAINÍA,94888,MORICHAL,-69.919404,2.265132,-68.81661272,2.727842865
95,GUAVIARE,95001,SAN JOSÉ DEL GUAVIARE,-72.639254,2.565932,-72.12859569,1.924531973
95,GUAVIARE,95015,CALAMAR,-72.655197,1.960982,-72.12859569,1.924531973
95,GUAVIARE,95025,EL RETORNO,-72.627304,2.330164,-72.12859569,1.924531973
95,GUAVIARE,95200,MIRAFLORES,-71.950416,1.337539,-72.12859569,1.924531973
97,VAUPÉS,97001,MITÚ,-70.232641,1.253151,-70.56140566,0.64624561
97,VAUPÉS,97161,CARURÚ,-71.30221,1.016116,-70.56140566,0.64624561
97,VAUPÉS,97511,PACOA,-71.004339,0.020698,-70.56140566,0.64624561
97,VAUPÉS,97666,TARAIRA,-69.635497,-0.564984,-70.56140566,0.64624561
97,VAUPÉS,97777,PAPUNAHUA,-70.76091,1.908124,-70.56140566,0.64624561
97,VAUPÉS,97889,YAVARATÉ,-69.203337,0.609142,-70.56140566,0.64624561
99,VICHADA,99001,PUERTO CARREÑO,-67.487095,6.186636,-69.41400011,4.713557125
99,VICHADA,99524,LA PRIMAVERA,-70.410515,5.486309,-69.41400011,4.713557125
99,VICHADA,99624,SANTA ROSALÍA,-70.859499,5.136393,-69.41400011,4.713557125
99,VICHADA,99773,CUMARIBO,-69.795533,4.446352,-69.41400011,4.713557125