DEPT_CODE,DEPT_NAME,YYYY,POPULATION
05,ANTIOQUIA,1985,3994984
05,ANTIOQUIA,1986,4073176
05,ANTIOQUIA,1987,4152532
05,ANTIOQUIA,1988,4231540
05,ANTIOQUIA,1989,4309045
05,ANTIOQUIA,1990,4384563
05,ANTIOQUIA,1991,4458798
05,ANTIOQUIA,1992,4532670
08,ATLANTICO,1985,1331791
08,ATLANTICO,1986,1376226
08,ATLANTICO,1987,1420522
08,ATLANTICO,1988,1464594
08,ATLANTICO,1989,1508274
08,ATLANTICO,1990,1551476
08,ATLANTICO,1991,1594430
08,ATLANTICO,1992,1637392
11,SANTAFE DE BOGOTA D.C,1985,3804636
11,SANTAFE DE BOGOTA D.C,1986,3972841
11,SANTAFE DE BOGOTA D.C,1987,4139946
11,SANTAFE DE BOGOTA D.C,1988,4306433
11,SANTAFE DE BOGOTA D.C,1989,4471841
11,SANTAFE DE BOGOTA D.C,1990,4635514
11,SANTAFE DE BOGOTA D.C,1991,4798274
11,SANTAFE DE BOGOTA D.C,1992,4962022
13,BOLIVAR,1985,1220967
13,BOLIVAR,1986,1251379
13,BOLIVAR,1987,1282045
13,BOLIVAR,1988,1312887
13,BOLIVAR,1989,1343824
13,BOLIVAR,1990,1374876
13,BOLIVAR,1991,1406155
13,BOLIVAR,1992,1437729
15,BOYACA,1985,1048011
15,BOYACA,1986,1052385
15,BOYACA,1987,1056837
15,BOYACA,1988,1061299
15,BOYACA,1989,1065733
15,BOYACA,1990,1070104
15,BOYACA,1991,1074459
15,BOYACA,1992,1078922
17,CALDAS,1985,960260
17,CALDAS,1986,965100
17,CALDAS,1987,969846
17,CALDAS,1988,974462
17,CALDAS,1989,978829
17,CALDAS,1990,982848
17,CALDAS,1991,986620
17,CALDAS,1992,990330
18,CAQUETA,1985,263160
18,CAQUETA,1986,271487
18,CAQUETA,1987,279646
18,CAQUETA,1988,287596
18,CAQUETA,1989,295293
18,CAQUETA,1990,302717
18,CAQUETA,1991,309919
18,CAQUETA,1992,316907
19,CAUCA,1985,974405
19,CAUCA,1986,986786
19,CAUCA,1987,999625
19,CAUCA,1988,1012834
19,CAUCA,1989,1026314
19,CAUCA,1990,1039976
19,CAUCA,1991,1053963
19,CAUCA,1992,1068557
20,CESAR,1985,592442
20,CESAR,1986,613161
20,CESAR,1987,633745
20,CESAR,1988,654127
20,CESAR,1989,674298
20,CESAR,1990,694262
20,CESAR,1991,714051
20,CESAR,1992,733623
23,CORDOBA,1985,1132612
23,CORDOBA,1986,1151590
23,CORDOBA,1987,1170904
23,CORDOBA,1988,1190468
23,CORDOBA,1989,1210256
23,CORDOBA,1990,1230290
23,CORDOBA,1991,1250586
23,CORDOBA,1992,1271153
25,CUNDINAMARCA,1985,2114276
25,CUNDINAMARCA,1986,2065235
25,CUNDINAMARCA,1987,2020094
25,CUNDINAMARCA,1988,1978695
25,CUNDINAMARCA,1989,1940832
25,CUNDINAMARCA,1990,1906370
25,CUNDINAMARCA,1991,1875416
25,CUNDINAMARCA,1992,1848208
27,CHOCO,1985,229105
27,CHOCO,1986,235121
27,CHOCO,1987,241629
27,CHOCO,1988,248458
27,CHOCO,1989,255566
27,CHOCO,1990,262968
27,CHOCO,1991,270600
27,CHOCO,1992,278469
41,HUILA,1985,680674
41,HUILA,1986,693291
41,HUILA,1987,706169
41,HUILA,1988,719228
41,HUILA,1989,732407
41,HUILA,1990,745687
41,HUILA,1991,759135
41,HUILA,1992,772830
44,LA GUAJIRA,1985,395373
44,LA GUAJIRA,1986,405272
44,LA GUAJIRA,1987,415434
44,LA GUAJIRA,1988,425730
44,LA GUAJIRA,1989,436120
44,LA GUAJIRA,1990,446644
44,LA GUAJIRA,1991,457363
44,LA GUAJIRA,1992,468477
47,MAGDALENA,1985,802094
47,MAGDALENA,1986,814494
47,MAGDALENA,1987,827158
47,MAGDALENA,1988,840021
47,MAGDALENA,1989,853030
47,MAGDALENA,1990,866200
47,MAGDALENA,1991,879594
47,MAGDALENA,1992,893267
50,META,1985,405223
50,META,1986,421008
50,META,1987,437328
50,META,1988,454151
50,META,1989,471443
50,META,1990,489217
50,META,1991,507588
50,META,1992,526666
52,NARINO,1985,1189007
52,NARINO,1986,1203597
52,NARINO,1987,1218733
52,NARINO,1988,1234134
52,NARINO,1989,1249529
52,NARINO,1990,1264744
52,NARINO,1991,1280080
52,NARINO,1992,1296127
54,NORTE DE SANTANDER,1985,921438
54,NORTE DE SANTANDER,1986,941230
54,NORTE DE SANTANDER,1987,961290
54,NORTE DE SANTANDER,1988,981510
54,NORTE DE SANTANDER,1989,1001761
54,NORTE DE SANTANDER,1990,1021965
54,NORTE DE SANTANDER,1991,1042294
54,NORTE DE SANTANDER,1992,1063046
63,QUINDIO,1985,450100
63,QUINDIO,1986,452993
63,QUINDIO,1987,456005
63,QUINDIO,1988,459185
63,QUINDIO,1989,462436
63,QUINDIO,1990,465669
63,QUINDIO,1991,469079
63,QUINDIO,1992,472954
66,RISARALDA,1985,681414
66,RISARALDA,1986,693027
66,RISARALDA,1987,704616
66,RISARALDA,1988,716316
66,RISARALDA,1989,727898
66,RISARALDA,1990,739151
66,RISARALDA,1991,750429
66,RISARALDA,1992,762288
68,SANTANDER,1985,1389414
68,SANTANDER,1986,1412093
68,SANTANDER,1987,1435334
68,SANTANDER,1988,1459014
68,SANTANDER,1989,1482998
68,SANTANDER,1990,1507191
68,SANTANDER,1991,1531742
68,SANTANDER,1992,1556972
70,SUCRE,1985,590461
70,SUCRE,1986,600249
70,SUCRE,1987,610197
70,SUCRE,1988,620245
70,SUCRE,1989,630357
70,SUCRE,1990,640539
70,SUCRE,1991,650810
70,SUCRE,1992,661132
73,TOLIMA,1985,1186822
73,TOLIMA,1986,1194377
73,TOLIMA,1987,1201914
73,TOLIMA,1988,1209434
73,TOLIMA,1989,1216846
73,TOLIMA,1990,1224084
73,TOLIMA,1991,1231183
73,TOLIMA,1992,1238174
76,VALLE DEL CAUCA,1985,3388992
76,VALLE DEL CAUCA,1986,3437361
76,VALLE DEL CAUCA,1987,3486262
76,VALLE DEL CAUCA,1988,3534820
76,VALLE DEL CAUCA,1989,3581610
76,VALLE DEL CAUCA,1990,3625838
76,VALLE DEL CAUCA,1991,3669350
76,VALLE DEL CAUCA,1992,3714906
81,ARAUCA,1985,168339
81,ARAUCA,1986,171909
81,ARAUCA,1987,175435
81,ARAUCA,1988,178904
81,ARAUCA,1989,182316
81,ARAUCA,1990,185672
81,ARAUCA,1991,188976
81,ARAUCA,1992,192270
85,CASANARE,1985,190862
85,CASANARE,1986,196483
85,CASANARE,1987,202247
85,CASANARE,1988,208094
85,CASANARE,1989,214026
85,CASANARE,1990,220060
85,CASANARE,1991,226239
85,CASANARE,1992,232624
86,PUTUMAYO,1985,135647
86,PUTUMAYO,1986,141676
86,PUTUMAYO,1987,147753
86,PUTUMAYO,1988,153834
86,PUTUMAYO,1989,159891
86,PUTUMAYO,1990,165909
86,PUTUMAYO,1991,171971
86,PUTUMAYO,1992,178222
88,ARCHIPIELAGO DE SAN ANDRES PROVIDENCIA Y SANTA CATALINA,1985,41305
88,ARCHIPIELAGO DE SAN ANDRES PROVIDENCIA Y SANTA CATALINA,1986,43261
88,ARCHIPIELAGO DE SAN ANDRES PROVIDENCIA Y SANTA CATALINA,1987,45190
88,ARCHIPIELAGO DE SAN ANDRES PROVIDENCIA Y SANTA CATALINA,1988,47053
88,ARCHIPIELAGO DE SAN ANDRES PROVIDENCIA Y SANTA CATALINA,1989,48854
88,ARCHIPIELAGO DE SAN ANDRES PROVIDENCIA Y SANTA CATALINA,1990,50580
88,ARCHIPIELAGO DE SAN ANDRES PROVIDENCIA Y SANTA CATALINA,1991,52225
88,ARCHIPIELAGO DE SAN ANDRES PROVIDENCIA Y SANTA CATALINA,1992,53776
91,AMAZONAS,1985,32549
91,AMAZONAS,1986,34156
91,AMAZONAS,1987,35722
91,AMAZONAS,1988,37275
91,AMAZONAS,1989,38807
91,AMAZONAS,1990,40307
91,AMAZONAS,1991,41797
91,AMAZONAS,1992,43276
94,GUAINIA,1985,15497
94,GUAINIA,1986,16003
94,GUAINIA,1987,16531
94,GUAINIA,1988,17058
94,GUAINIA,1989,17563
94,GUAINIA,1990,18056
94,GUAINIA,1991,18560
94,GUAINIA,1992,19093
95,GUAVIARE,1985,34844
95,GUAVIARE,1986,38846
95,GUAVIARE,1987,42614
95,GUAVIARE,1988,46120
95,GUAVIARE,1989,49360
95,GUAVIARE,1990,52333
95,GUAVIARE,1991,55062
95,GUAVIARE,1992,57596
97,VAUPES,1985,11948
97,VAUPES,1986,12373
97,VAUPES,1987,12792
97,VAUPES,1988,13205
97,VAUPES,1989,13629
97,VAUPES,1990,14055
97,VAUPES,1991,14488
97,VAUPES,1992,14941
99,VICHADA,1985,41240
99,VICHADA,1986,42626
99,VICHADA,1987,44037
99,VICHADA,1988,45449
99,VICHADA,1989,46861
99,VICHADA,1990,48289
99,VICHADA,1991,49755
99,VICHADA,1992,51296
05,ANTIOQUIA,1993,4607874
05,ANTIOQUIA,1994,4679652
05,ANTIOQUIA,1995,4753428
05,ANTIOQUIA,1996,4828617
05,ANTIOQUIA,1997,4904267
05,ANTIOQUIA,1998,4979394
05,ANTIOQUIA,1999,5053418
05,ANTIOQUIA,2000,5125644
05,ANTIOQUIA,2001,5195638
05,ANTIOQUIA,2002,5263667
05,ANTIOQUIA,2003,5330340
05,ANTIOQUIA,2004,5396150
08,ATLANTICO,1993,1681570
08,ATLANTICO,1994,1722771
08,ATLANTICO,1995,1763028
08,ATLANTICO,1996,1802161
08,ATLANTICO,1997,1840322
08,ATLANTICO,1998,1877606
08,ATLANTICO,1999,1914068
08,ATLANTICO,2000,1949617
08,ATLANTICO,2001,1984146
08,ATLANTICO,2002,2017648
08,ATLANTICO,2003,2050266
08,ATLANTICO,2004,2082198
11,SANTAFE DE BOGOTA D.C,1993,5138233
11,SANTAFE DE BOGOTA D.C,1994,5296708
11,SANTAFE DE BOGOTA D.C,1995,5455819
11,SANTAFE DE BOGOTA D.C,1996,5614203
11,SANTAFE DE BOGOTA D.C,1997,5768738
11,SANTAFE DE BOGOTA D.C,1998,5916230
11,SANTAFE DE BOGOTA D.C,1999,6055303
11,SANTAFE DE BOGOTA D.C,2000,6184880
11,SANTAFE DE BOGOTA D.C,2001,6304362
11,SANTAFE DE BOGOTA D.C,2002,6414904
11,SANTAFE DE BOGOTA D.C,2003,6518528
11,SANTAFE DE BOGOTA D.C,2004,6616513
13,BOLIVAR,1993,1469865
13,BOLIVAR,1994,1500407
13,BOLIVAR,1995,1530247
13,BOLIVAR,1996,1559366
13,BOLIVAR,1997,1587980
13,BOLIVAR,1998,1616288
13,BOLIVAR,1999,1644322
13,BOLIVAR,2000,1671988
13,BOLIVAR,2001,1699162
13,BOLIVAR,2002,1725647
13,BOLIVAR,2003,1751313
13,BOLIVAR,2004,1776177
15,BOYACA,1993,1082183
15,BOYACA,1994,1087619
15,BOYACA,1995,1093151
15,BOYACA,1996,1098694
15,BOYACA,1997,1104195
15,BOYACA,1998,1109616
15,BOYACA,1999,1114865
15,BOYACA,2000,1119904
15,BOYACA,2001,1124702
15,BOYACA,2002,1129250
15,BOYACA,2003,1133618
15,BOYACA,2004,1137797
17,CALDAS,1993,993536
17,CALDAS,1994,997309
17,CALDAS,1995,1000677
17,CALDAS,1996,1003535
17,CALDAS,1997,1005791
17,CALDAS,1998,1007382
17,CALDAS,1999,1008277
17,CALDAS,2000,1008357
17,CALDAS,2001,1007560
17,CALDAS,2002,1005919
17,CALDAS,2003,1003556
17,CALDAS,2004,1000581
18,CAQUETA,1993,323663
18,CAQUETA,1994,329913
18,CAQUETA,1995,335918
18,CAQUETA,1996,341683
18,CAQUETA,1997,347208
18,CAQUETA,1998,352461
18,CAQUETA,1999,357420
18,CAQUETA,2000,362047
18,CAQUETA,2001,366328
18,CAQUETA,2002,370243
18,CAQUETA,2003,373786
18,CAQUETA,2004,376967
19,CAUCA,1993,1082810
19,CAUCA,1994,1099397
19,CAUCA,1995,1116314
19,CAUCA,1996,1133437
19,CAUCA,1997,1150677
19,CAUCA,1998,1167956
19,CAUCA,1999,1185202
19,CAUCA,2000,1202262
19,CAUCA,2001,1218955
19,CAUCA,2002,1235188
19,CAUCA,2003,1251001
19,CAUCA,2004,1266447
20,CESAR,1993,752881
20,CESAR,1994,771095
20,CESAR,1995,788898
20,CESAR,1996,806300
20,CESAR,1997,823363
20,CESAR,1998,840167
20,CESAR,1999,856709
20,CESAR,2000,872935
20,CESAR,2001,888830
20,CESAR,2002,904392
20,CESAR,2003,919636
20,CESAR,2004,934589
23,CORDOBA,1993,1291582
23,CORDOBA,1994,1312505
23,CORDOBA,1995,1333433
23,CORDOBA,1996,1354338
23,CORDOBA,1997,1375245
23,CORDOBA,1998,1396157
23,CORDOBA,1999,1417058
23,CORDOBA,2000,1437868
23,CORDOBA,2001,1458524
23,CORDOBA,2002,1479008
23,CORDOBA,2003,1499332
23,CORDOBA,2004,1519528
25,CUNDINAMARCA,1993,1822114
25,CUNDINAMARCA,1994,1808276
25,CUNDINAMARCA,1995,1798633
25,CUNDINAMARCA,1996,1793018
25,CUNDINAMARCA,1997,1791331
25,CUNDINAMARCA,1998,1793463
25,CUNDINAMARCA,1999,1799222
25,CUNDINAMARCA,2000,1808398
25,CUNDINAMARCA,2001,1820848
25,CUNDINAMARCA,2002,1836523
25,CUNDINAMARCA,2003,1855495
25,CUNDINAMARCA,2004,1877914
27,CHOCO,1993,285998
27,CHOCO,1994,294332
27,CHOCO,1995,302720
27,CHOCO,1996,311225
27,CHOCO,1997,319960
27,CHOCO,1998,329044
27,CHOCO,1999,338493
27,CHOCO,2000,348270
27,CHOCO,2001,358373
27,CHOCO,2002,368818
27,CHOCO,2003,379651
27,CHOCO,2004,390932
41,HUILA,1993,786467
41,HUILA,1994,800369
41,HUILA,1995,814226
41,HUILA,1996,827965
41,HUILA,1997,841564
41,HUILA,1998,854992
41,HUILA,1999,868201
41,HUILA,2000,881125
41,HUILA,2001,893735
41,HUILA,2002,906072
41,HUILA,2003,918198
41,HUILA,2004,930198
44,LA GUAJIRA,1993,480168
44,LA GUAJIRA,1994,492242
44,LA GUAJIRA,1995,504634
44,LA GUAJIRA,1996,517352
44,LA GUAJIRA,1997,530456
44,LA GUAJIRA,1998,544002
44,LA GUAJIRA,1999,557993
44,LA GUAJIRA,2000,572422
44,LA GUAJIRA,2001,587253
44,LA GUAJIRA,2002,602182
44,LA GUAJIRA,2003,617010
44,LA GUAJIRA,2004,631693
47,MAGDALENA,1993,906779
47,MAGDALENA,1994,920982
47,MAGDALENA,1995,935399
47,MAGDALENA,1996,950076
47,MAGDALENA,1997,965075
47,MAGDALENA,1998,980446
47,MAGDALENA,1999,996210
47,MAGDALENA,2000,1012346
47,MAGDALENA,2001,1028811
47,MAGDALENA,2002,1045572
47,MAGDALENA,2003,1062649
47,MAGDALENA,2004,1080076
50,META,1993,546686
50,META,1994,566302
50,META,1995,586172
50,META,1996,606254
50,META,1997,626541
50,META,1998,647030
50,META,1999,667684
50,META,2000,688419
50,META,2001,709212
50,META,2002,730069
50,META,2003,751036
50,META,2004,772192
52,NARINO,1993,1312189
52,NARINO,1994,1330283
52,NARINO,1995,1348583
52,NARINO,1996,1366907
52,NARINO,1997,1385075
52,NARINO,1998,1402894
52,NARINO,1999,1420228
52,NARINO,2000,1436872
52,NARINO,2001,1452713
52,NARINO,2002,1467795
52,NARINO,2003,1482363
52,NARINO,2004,1496726
54,NORTE DE SANTANDER,1993,1084628
54,NORTE DE SANTANDER,1994,1105462
54,NORTE DE SANTANDER,1995,1125919
54,NORTE DE SANTANDER,1996,1145962
54,NORTE DE SANTANDER,1997,1165505
54,NORTE DE SANTANDER,1998,1184424
54,NORTE DE SANTANDER,1999,1202655
54,NORTE DE SANTANDER,2000,1220099
54,NORTE DE SANTANDER,2001,1236732
54,NORTE DE SANTANDER,2002,1252638
54,NORTE DE SANTANDER,2003,1268004
54,NORTE DE SANTANDER,2004,1283002
63,QUINDIO,1993,477438
63,QUINDIO,1994,481802
63,QUINDIO,1995,486126
63,QUINDIO,1996,490303
63,QUINDIO,1997,494232
63,QUINDIO,1998,497813
63,QUINDIO,1999,500989
63,QUINDIO,2000,503667
63,QUINDIO,2001,505808
63,QUINDIO,2002,507466
63,QUINDIO,2003,508808
63,QUINDIO,2004,510019
66,RISARALDA,1993,775112
66,RISARALDA,1994,787003
66,RISARALDA,1995,798662
66,RISARALDA,1996,809909
66,RISARALDA,1997,820594
66,RISARALDA,1998,830512
66,RISARALDA,1999,839612
66,RISARALDA,2000,847747
66,RISARALDA,2001,854846
66,RISARALDA,2002,861038
66,RISARALDA,2003,866728
66,RISARALDA,2004,872340
68,SANTANDER,1993,1582988
68,SANTANDER,1994,1609375
68,SANTANDER,1995,1636065
68,SANTANDER,1996,1662955
68,SANTANDER,1997,1689697
68,SANTANDER,1998,1715927
68,SANTANDER,1999,1741504
68,SANTANDER,2000,1766322
68,SANTANDER,2001,1790338
68,SANTANDER,2002,1813722
68,SANTANDER,2003,1836764
68,SANTANDER,2004,1859665
70,SUCRE,1993,671156
70,SUCRE,1994,681130
70,SUCRE,1995,690851
70,SUCRE,1996,700342
70,SUCRE,1997,709721
70,SUCRE,1998,719121
70,SUCRE,1999,728579
70,SUCRE,2000,738069
70,SUCRE,2001,747556
70,SUCRE,2002,756956
70,SUCRE,2003,766160
70,SUCRE,2004,775124
73,TOLIMA,1993,1244218
73,TOLIMA,1994,1251226
73,TOLIMA,1995,1257944
73,TOLIMA,1996,1264350
73,TOLIMA,1997,1270532
73,TOLIMA,1998,1276542
73,TOLIMA,1999,1282326
73,TOLIMA,2000,1287782
73,TOLIMA,2001,1292815
73,TOLIMA,2002,1297217
73,TOLIMA,2003,1300806
73,TOLIMA,2004,1303498
76,VALLE DEL CAUCA,1993,3764757
76,VALLE DEL CAUCA,1994,3811604
76,VALLE DEL CAUCA,1995,3857556
76,VALLE DEL CAUCA,1996,3902219
76,VALLE DEL CAUCA,1997,3945170
76,VALLE DEL CAUCA,1998,3985847
76,VALLE DEL CAUCA,1999,4024108
76,VALLE DEL CAUCA,2000,4059339
76,VALLE DEL CAUCA,2001,4091230
76,VALLE DEL CAUCA,2002,4120344
76,VALLE DEL CAUCA,2003,4148271
76,VALLE DEL CAUCA,2004,4176734
81,ARAUCA,1993,195445
81,ARAUCA,1994,198593
81,ARAUCA,1995,201607
81,ARAUCA,1996,204462
81,ARAUCA,1997,207149
81,ARAUCA,1998,209654
81,ARAUCA,1999,211963
81,ARAUCA,2000,214048
81,ARAUCA,2001,215899
81,ARAUCA,2002,217509
81,ARAUCA,2003,218903
81,ARAUCA,2004,220115
85,CASANARE,1993,239172
85,CASANARE,1994,245938
85,CASANARE,1995,252791
85,CASANARE,1996,259749
85,CASANARE,1997,266815
85,CASANARE,1998,273971
85,CASANARE,1999,281194
85,CASANARE,2000,288447
85,CASANARE,2001,295715
85,CASANARE,2002,303003
85,CASANARE,2003,310315
85,CASANARE,2004,317671
86,PUTUMAYO,1993,184865
86,PUTUMAYO,1994,191484
86,PUTUMAYO,1995,198295
86,PUTUMAYO,1996,205252
86,PUTUMAYO,1997,212297
86,PUTUMAYO,1998,219369
86,PUTUMAYO,1999,226408
86,PUTUMAYO,2000,233360
86,PUTUMAYO,2001,240181
86,PUTUMAYO,2002,246855
86,PUTUMAYO,2003,253401
86,PUTUMAYO,2004,259859
88,ARCHIPIELAGO DE SAN ANDRES PROVIDENCIA Y SANTA CATALINA,1993,55138
88,ARCHIPIELAGO DE SAN ANDRES PROVIDENCIA Y SANTA CATALINA,1994,56381
88,ARCHIPIELAGO DE SAN ANDRES PROVIDENCIA Y SANTA CATALINA,1995,57478
88,ARCHIPIELAGO DE SAN ANDRES PROVIDENCIA Y SANTA CATALINA,1996,58437
88,ARCHIPIELAGO DE SAN ANDRES PROVIDENCIA Y SANTA CATALINA,1997,59263
88,ARCHIPIELAGO DE SAN ANDRES PROVIDENCIA Y SANTA CATALINA,1998,59980
88,ARCHIPIELAGO DE SAN ANDRES PROVIDENCIA Y SANTA CATALINA,1999,60607
88,ARCHIPIELAGO DE SAN ANDRES PROVIDENCIA Y SANTA CATALINA,2000,61132
88,ARCHIPIELAGO DE SAN ANDRES PROVIDENCIA Y SANTA CATALINA,2001,61547
88,ARCHIPIELAGO DE SAN ANDRES PROVIDENCIA Y SANTA CATALINA,2002,61843
88,ARCHIPIELAGO DE SAN ANDRES PROVIDENCIA Y SANTA CATALINA,2003,62040
88,ARCHIPIELAGO DE SAN ANDRES PROVIDENCIA Y SANTA CATALINA,2004,62162
91,AMAZONAS,1993,44728
91,AMAZONAS,1994,46110
91,AMAZONAS,1995,47455
91,AMAZONAS,1996,48766
91,AMAZONAS,1997,50052
91,AMAZONAS,1998,51297
91,AMAZONAS,1999,52518
91,AMAZONAS,2000,53725
91,AMAZONAS,2001,54911
91,AMAZONAS,2002,56082
91,AMAZONAS,2003,57244
91,AMAZONAS,2004,58414
94,GUAINIA,1993,19664
94,GUAINIA,1994,20299
94,GUAINIA,1995,20989
94,GUAINIA,1996,21742
94,GUAINIA,1997,22559
94,GUAINIA,1998,23435
94,GUAINIA,1999,24359
94,GUAINIA,2000,25335
94,GUAINIA,2001,26365
94,GUAINIA,2002,27426
94,GUAINIA,2003,28509
94,GUAINIA,2004,29613
95,GUAVIARE,1993,60031
95,GUAVIARE,1994,62090
95,GUAVIARE,1995,64045
95,GUAVIARE,1996,65860
95,GUAVIARE,1997,67518
95,GUAVIARE,1998,69013
95,GUAVIARE,1999,70329
95,GUAVIARE,2000,71447
95,GUAVIARE,2001,72343
95,GUAVIARE,2002,73006
95,GUAVIARE,2003,73442
95,GUAVIARE,2004,73635
97,VAUPES,1993,15420
97,VAUPES,1994,15916
97,VAUPES,1995,16429
97,VAUPES,1996,16962
97,VAUPES,1997,17553
97,VAUPES,1998,18227
97,VAUPES,1999,18997
97,VAUPES,2000,19875
97,VAUPES,2001,20850
97,VAUPES,2002,21914
97,VAUPES,2003,23047
97,VAUPES,2004,24236
99,VICHADA,1993,52950
99,VICHADA,1994,54599
99,VICHADA,1995,56338
99,VICHADA,1996,58173
99,VICHADA,1997,60087
99,VICHADA,1998,62099
99,VICHADA,1999,64195
99,VICHADA,2000,66332
99,VICHADA,2001,68523
99,VICHADA,2002,70763
99,VICHADA,2003,73034
99,VICHADA,2004,75328
05,ANTIOQUIA,2005,5460843
05,ANTIOQUIA,2006,5528121
05,ANTIOQUIA,2007,5595180
05,ANTIOQUIA,2008,5662099
05,ANTIOQUIA,2009,5730377
05,ANTIOQUIA,2010,5800160
05,ANTIOQUIA,2011,5869191
05,ANTIOQUIA,2012,5935916
05,ANTIOQUIA,2013,6001151
05,ANTIOQUIA,2014,6066806
05,ANTIOQUIA,2015,6134953
05,ANTIOQUIA,2016,6211312
05,ANTIOQUIA,2017,6296843
08,ATLANTICO,2005,2114136
08,ATLANTICO,2006,2144799
08,ATLANTICO,2007,2174988
08,ATLANTICO,2008,2204364
08,ATLANTICO,2009,2233274
08,ATLANTICO,2010,2261656
08,ATLANTICO,2011,2288947
08,ATLANTICO,2012,2315361
08,ATLANTICO,2013,2341335
08,ATLANTICO,2014,2366899
08,ATLANTICO,2015,2393557
08,ATLANTICO,2016,2427046
08,ATLANTICO,2017,2468429
11,SANTAFE DE BOGOTA D.C,2005,6710910
11,SANTAFE DE BOGOTA D.C,2006,6801343
11,SANTAFE DE BOGOTA D.C,2007,6884569
11,SANTAFE DE BOGOTA D.C,2008,6960512
11,SANTAFE DE BOGOTA D.C,2009,7031399
11,SANTAFE DE BOGOTA D.C,2010,7096886
11,SANTAFE DE BOGOTA D.C,2011,7152656
11,SANTAFE DE BOGOTA D.C,2012,7195980
11,SANTAFE DE BOGOTA D.C,2013,7228427
11,SANTAFE DE BOGOTA D.C,2014,7252949
11,SANTAFE DE BOGOTA D.C,2015,7273265
11,SANTAFE DE BOGOTA D.C,2016,7300918
11,SANTAFE DE BOGOTA D.C,2017,7337449
13,BOLIVAR,2005,1799794
13,BOLIVAR,2006,1823338
13,BOLIVAR,2007,1845963
13,BOLIVAR,2008,1867503
13,BOLIVAR,2009,1888156
13,BOLIVAR,2010,1907930
13,BOLIVAR,2011,1926597
13,BOLIVAR,2012,1944299
13,BOLIVAR,2013,1961250
13,BOLIVAR,2014,1977478
13,BOLIVAR,2015,1993760
13,BOLIVAR,2016,2013010
13,BOLIVAR,2017,2035711
15,BOYACA,2005,1140665
15,BOYACA,2006,1145225
15,BOYACA,2007,1149909
15,BOYACA,2008,1154747
15,BOYACA,2009,1159850
15,BOYACA,2010,1165204
15,BOYACA,2011,1170640
15,BOYACA,2012,1176069
15,BOYACA,2013,1181580
15,BOYACA,2014,1187249
15,BOYACA,2015,1193206
15,BOYACA,2016,1199978
15,BOYACA,2017,1207665
17,CALDAS,2005,996434
17,CALDAS,2006,993337
17,CALDAS,2007,990445
17,CALDAS,2008,987759
17,CALDAS,2009,985640
17,CALDAS,2010,984304
17,CALDAS,2011,983498
17,CALDAS,2012,982904
17,CALDAS,2013,982563
17,CALDAS,2014,982933
17,CALDAS,2015,984360
17,CALDAS,2016,987214
17,CALDAS,2017,991363
18,CAQUETA,2005,379273
18,CAQUETA,2006,381752
18,CAQUETA,2007,384137
18,CAQUETA,2008,386392
18,CAQUETA,2009,388552
18,CAQUETA,2010,390645
18,CAQUETA,2011,392611
18,CAQUETA,2012,394379
18,CAQUETA,2013,395947
18,CAQUETA,2014,397383
18,CAQUETA,2015,398725
18,CAQUETA,2016,399983
18,CAQUETA,2017,401099
19,CAUCA,2005,1281052
19,CAUCA,2006,1296243
19,CAUCA,2007,1310940
19,CAUCA,2008,1325083
19,CAUCA,2009,1339006
19,CAUCA,2010,1352942
19,CAUCA,2011,1366758
19,CAUCA,2012,1380257
19,CAUCA,2013,1393465
19,CAUCA,2014,1406735
19,CAUCA,2015,1420313
19,CAUCA,2016,1434395
19,CAUCA,2017,1448837
20,CESAR,2005,948747
20,CESAR,2006,963336
20,CESAR,2007,978523
20,CESAR,2008,994256
20,CESAR,2009,1010507
20,CESAR,2010,1027089
20,CESAR,2011,1043754
20,CESAR,2012,1060658
20,CESAR,2013,1078033
20,CESAR,2014,1095719
20,CESAR,2015,1114269
20,CESAR,2016,1136299
20,CESAR,2017,1162415
23,CORDOBA,2005,1539313
23,CORDOBA,2006,1559603
23,CORDOBA,2007,1579557
23,CORDOBA,2008,1599129
23,CORDOBA,2009,1618376
23,CORDOBA,2010,1637310
23,CORDOBA,2011,1655818
23,CORDOBA,2012,1673891
23,CORDOBA,2013,1691609
23,CORDOBA,2014,1709003
23,CORDOBA,2015,1726287
23,CORDOBA,2016,1744254
23,CORDOBA,2017,1763053
25,CUNDINAMARCA,2005,1903495
25,CUNDINAMARCA,2006,1936056
25,CUNDINAMARCA,2007,1975124
25,CUNDINAMARCA,2008,2021042
25,CUNDINAMARCA,2009,2074250
25,CUNDINAMARCA,2010,2134776
25,CUNDINAMARCA,2011,2202092
25,CUNDINAMARCA,2012,2276097
25,CUNDINAMARCA,2013,2357339
25,CUNDINAMARCA,2014,2446138
25,CUNDINAMARCA,2015,2543338
25,CUNDINAMARCA,2016,2652076
25,CUNDINAMARCA,2017,2773285
27,CHOCO,2005,402709
27,CHOCO,2006,414483
27,CHOCO,2007,426077
27,CHOCO,2008,437434
27,CHOCO,2009,448554
27,CHOCO,2010,459453
27,CHOCO,2011,470087
27,CHOCO,2012,480391
27,CHOCO,2013,490338
27,CHOCO,2014,499946
27,CHOCO,2015,509240
27,CHOCO,2016,518234
27,CHOCO,2017,526888
41,HUILA,2005,941763
41,HUILA,2006,953776
41,HUILA,2007,965725
41,HUILA,2008,977528
41,HUILA,2009,989375
41,HUILA,2010,1001372
41,HUILA,2011,1013418
41,HUILA,2012,1025384
41,HUILA,2013,1037252
41,HUILA,2014,1049215
41,HUILA,2015,1061405
41,HUILA,2016,1073916
41,HUILA,2017,1086654
44,LA GUAJIRA,2005,645718
44,LA GUAJIRA,2006,660570
44,LA GUAJIRA,2007,675638
44,LA GUAJIRA,2008,691093
44,LA GUAJIRA,2009,706943
44,LA GUAJIRA,2010,722913
44,LA GUAJIRA,2011,738743
44,LA GUAJIRA,2012,754574
44,LA GUAJIRA,2013,770616
44,LA GUAJIRA,2014,786618
44,LA GUAJIRA,2015,803092
44,LA GUAJIRA,2016,822700
44,LA GUAJIRA,2017,846012
47,MAGDALENA,2005,1097751
47,MAGDALENA,2006,1116037
47,MAGDALENA,2007,1134297
47,MAGDALENA,2008,1152422
47,MAGDALENA,2009,1170386
47,MAGDALENA,2010,1188000
47,MAGDALENA,2011,1204977
47,MAGDALENA,2012,1221419
47,MAGDALENA,2013,1237543
47,MAGDALENA,2014,1253211
47,MAGDALENA,2015,1268980
47,MAGDALENA,2016,1287462
47,MAGDALENA,2017,1309259
50,META,2005,793921
50,META,2006,815191
50,META,2007,836039
50,META,2008,856385
50,META,2009,876363
50,META,2010,896034
50,META,2011,915277
50,META,2012,933966
50,META,2013,952101
50,META,2014,969808
50,META,2015,987232
50,META,2016,1004633
50,META,2017,1021943
52,NARINO,2005,1510454
52,NARINO,2006,1525110
52,NARINO,2007,1538254
52,NARINO,2008,1549573
52,NARINO,2009,1559747
52,NARINO,2010,1569413
52,NARINO,2011,1578559
52,NARINO,2012,1586945
52,NARINO,2013,1594354
52,NARINO,2014,1601466
52,NARINO,2015,1608726
52,NARINO,2016,1615767
52,NARINO,2017,1621984
54,NORTE DE SANTANDER,2005,1297649
54,NORTE DE SANTANDER,2006,1312357
54,NORTE DE SANTANDER,2007,1326434
54,NORTE DE SANTANDER,2008,1339682
54,NORTE DE SANTANDER,2009,1352231
54,NORTE DE SANTANDER,2010,1363889
54,NORTE DE SANTANDER,2011,1374254
54,NORTE DE SANTANDER,2012,1383705
54,NORTE DE SANTANDER,2013,1392708
54,NORTE DE SANTANDER,2014,1401015
54,NORTE DE SANTANDER,2015,1409900
54,NORTE DE SANTANDER,2016,1424761
54,NORTE DE SANTANDER,2017,1446748
63,QUINDIO,2005,511181
63,QUINDIO,2006,512589
63,QUINDIO,2007,513802
63,QUINDIO,2008,514725
63,QUINDIO,2009,515805
63,QUINDIO,2010,517347
63,QUINDIO,2011,519089
63,QUINDIO,2012,520697
63,QUINDIO,2013,522157
63,QUINDIO,2014,523970
63,QUINDIO,2015,526484
63,QUINDIO,2016,529891
63,QUINDIO,2017,533966
66,RISARALDA,2005,877974
66,RISARALDA,2006,884021
66,RISARALDA,2007,889400
66,RISARALDA,2008,893797
66,RISARALDA,2009,898126
66,RISARALDA,2010,902994
66,RISARALDA,2011,907896
66,RISARALDA,2012,912087
66,RISARALDA,2013,915413
66,RISARALDA,2014,918965
66,RISARALDA,2015,923443
66,RISARALDA,2016,929046
66,RISARALDA,2017,935164
68,SANTANDER,2005,1882375
68,SANTANDER,2006,1905930
68,SANTANDER,2007,1929120
68,SANTANDER,2008,1951797
68,SANTANDER,2009,1974226
68,SANTANDER,2010,1996352
68,SANTANDER,2011,2017680
68,SANTANDER,2012,2038122
68,SANTANDER,2013,2057952
68,SANTANDER,2014,2077348
68,SANTANDER,2015,2097069
68,SANTANDER,2016,2119954
68,SANTANDER,2017,2146496
70,SUCRE,2005,783535
70,SUCRE,2006,792200
70,SUCRE,2007,800848
70,SUCRE,2008,809414
70,SUCRE,2009,817937
70,SUCRE,2010,826411
70,SUCRE,2011,834736
70,SUCRE,2012,842950
70,SUCRE,2013,851157
70,SUCRE,2014,859324
70,SUCRE,2015,867701
70,SUCRE,2016,877397
70,SUCRE,2017,888638
73,TOLIMA,2005,1304216
73,TOLIMA,2006,1306185
73,TOLIMA,2007,1307950
73,TOLIMA,2008,1309513
73,TOLIMA,2009,1311076
73,TOLIMA,2010,1312768
73,TOLIMA,2011,1314479
73,TOLIMA,2012,1316054
73,TOLIMA,2013,1317507
73,TOLIMA,2014,1319060
73,TOLIMA,2015,1320911
73,TOLIMA,2016,1323323
73,TOLIMA,2017,1326203
76,VALLE DEL CAUCA,2005,4206951
76,VALLE DEL CAUCA,2006,4236968
76,VALLE DEL CAUCA,2007,4263327
76,VALLE DEL CAUCA,2008,4284375
76,VALLE DEL CAUCA,2009,4303639
76,VALLE DEL CAUCA,2010,4323751
76,VALLE DEL CAUCA,2011,4343131
76,VALLE DEL CAUCA,2012,4359288
76,VALLE DEL CAUCA,2013,4371304
76,VALLE DEL CAUCA,2014,4383018
76,VALLE DEL CAUCA,2015,4397194
76,VALLE DEL CAUCA,2016,4414569
76,VALLE DEL CAUCA,2017,4432549
81,ARAUCA,2005,220852
81,ARAUCA,2006,222063
81,ARAUCA,2007,223453
81,ARAUCA,2008,224996
81,ARAUCA,2009,226705
81,ARAUCA,2010,228513
81,ARAUCA,2011,230349
81,ARAUCA,2012,232316
81,ARAUCA,2013,234529
81,ARAUCA,2014,236931
81,ARAUCA,2015,239772
81,ARAUCA,2016,244206
81,ARAUCA,2017,250502
85,CASANARE,2005,325061
85,CASANARE,2006,332581
85,CASANARE,2007,340028
85,CASANARE,2008,347362
85,CASANARE,2009,354621
85,CASANARE,2010,361824
85,CASANARE,2011,368912
85,CASANARE,2012,375872
85,CASANARE,2013,382735
85,CASANARE,2014,389511
85,CASANARE,2015,396320
85,CASANARE,2016,403554
85,CASANARE,2017,411255
86,PUTUMAYO,2005,266274
86,PUTUMAYO,2006,272524
86,PUTUMAYO,2007,278737
86,PUTUMAYO,2008,284917
86,PUTUMAYO,2009,291199
86,PUTUMAYO,2010,297600
86,PUTUMAYO,2011,303929
86,PUTUMAYO,2012,310027
86,PUTUMAYO,2013,315941
86,PUTUMAYO,2014,321850
86,PUTUMAYO,2015,327856
86,PUTUMAYO,2016,334152
86,PUTUMAYO,2017,340750
88,ARCHIPIELAGO DE SAN ANDRES PROVIDENCIA Y SANTA CATALINA,2005,62120
88,ARCHIPIELAGO DE SAN ANDRES PROVIDENCIA Y SANTA CATALINA,2006,62086
88,ARCHIPIELAGO DE SAN ANDRES PROVIDENCIA Y SANTA CATALINA,2007,62040
88,ARCHIPIELAGO DE SAN ANDRES PROVIDENCIA Y SANTA CATALINA,2008,61971
88,ARCHIPIELAGO DE SAN ANDRES PROVIDENCIA Y SANTA CATALINA,2009,61875
88,ARCHIPIELAGO DE SAN ANDRES PROVIDENCIA Y SANTA CATALINA,2010,61787
88,ARCHIPIELAGO DE SAN ANDRES PROVIDENCIA Y SANTA CATALINA,2011,61711
88,ARCHIPIELAGO DE SAN ANDRES PROVIDENCIA Y SANTA CATALINA,2012,61633
88,ARCHIPIELAGO DE SAN ANDRES PROVIDENCIA Y SANTA CATALINA,2013,61543
88,ARCHIPIELAGO DE SAN ANDRES PROVIDENCIA Y SANTA CATALINA,2014,61463
88,ARCHIPIELAGO DE SAN ANDRES PROVIDENCIA Y SANTA CATALINA,2015,61406
88,ARCHIPIELAGO DE SAN ANDRES PROVIDENCIA Y SANTA CATALINA,2016,61358
88,ARCHIPIELAGO DE SAN ANDRES PROVIDENCIA Y SANTA CATALINA,2017,61309
91,AMAZONAS,2005,59580
91,AMAZONAS,2006,60784
91,AMAZONAS,2007,62028
91,AMAZONAS,2008,63291
91,AMAZONAS,2009,64616
91,AMAZONAS,2010,65991
91,AMAZONAS,2011,67361
91,AMAZONAS,2012,68681
91,AMAZONAS,2013,69953
91,AMAZONAS,2014,71215
91,AMAZONAS,2015,72485
91,AMAZONAS,2016,73790
91,AMAZONAS,2017,75104
94,GUAINIA,2005,30731
94,GUAINIA,2006,31881
94,GUAINIA,2007,33073
94,GUAINIA,2008,34294
94,GUAINIA,2009,35534
94,GUAINIA,2010,36793
94,GUAINIA,2011,38072
94,GUAINIA,2012,39354
94,GUAINIA,2013,40638
94,GUAINIA,2014,41946
94,GUAINIA,2015,43291
94,GUAINIA,2016,44722
94,GUAINIA,2017,46250
95,GUAVIARE,2005,73296
95,GUAVIARE,2006,73001
95,GUAVIARE,2007,72829
95,GUAVIARE,2008,72786
95,GUAVIARE,2009,72900
95,GUAVIARE,2010,73194
95,GUAVIARE,2011,73652
95,GUAVIARE,2012,74281
95,GUAVIARE,2013,75092
95,GUAVIARE,2014,76101
95,GUAVIARE,2015,77328
95,GUAVIARE,2016,78796
95,GUAVIARE,2017,80507
97,VAUPES,2005,25461
97,VAUPES,2006,26658
97,VAUPES,2007,27881
97,VAUPES,2008,29123
97,VAUPES,2009,30394
97,VAUPES,2010,31677
97,VAUPES,2011,32940
97,VAUPES,2012,34165
97,VAUPES,2013,35353
97,VAUPES,2014,36509
97,VAUPES,2015,37638
97,VAUPES,2016,38737
97,VAUPES,2017,39811
99,VICHADA,2005,77644
99,VICHADA,2006,79978
99,VICHADA,2007,82315
99,VICHADA,2008,84653
99,VICHADA,2009,86991
99,VICHADA,2010,89314
99,VICHADA,2011,91602
99,VICHADA,2012,93849
99,VICHADA,2013,96057
99,VICHADA,2014,98228
99,VICHADA,2015,100392
99,VICHADA,2016,102663
99,VICHADA,2017,105059
05,ANTIOQUIA,2018,6407149
08,ATLANTICO,2018,2535506
11,SANTAFE DE BOGOTA D.C,2018,7391056
13,BOLIVAR,2018,2070083
15,BOYACA,2018,1218755
17,CALDAS,2018,998249
18,CAQUETA,2018,402085
19,CAUCA,2018,1464502
20,CESAR,2018,1200589
23,CORDOBA,2018,1784754
25,CUNDINAMARCA,2018,2939840
27,CHOCO,2018,534807
41,HUILA,2018,1100364
44,LA GUAJIRA,2018,880552
47,MAGDALENA,2018,1341797
50,META,2018,1039701
52,NARINO,2018,1630598
54,NORTE DE SANTANDER,2018,1491720
63,QUINDIO,2018,539918
66,RISARALDA,2018,943393
68,SANTANDER,2018,2184132
70,SUCRE,2018,904850
73,TOLIMA,2018,1330184
76,VALLE DEL CAUCA,2018,4475873
81,ARAUCA,2018,262177
85,CASANARE,2018,420511
86,PUTUMAYO,2018,348167
88,ARCHIPIELAGO DE SAN ANDRES PROVIDENCIA Y SANTA CATALINA,2018,61284
91,AMAZONAS,2018,76573
94,GUAINIA,2018,48081
95,GUAVIARE,2018,82768
97,VAUPES,2018,40774
99,VICHADA,2018,107702
05,ANTIOQUIA,2019,6518070
08,ATLANTICO,2019,2608908
11,SANTAFE DE BOGOTA D.C,2019,7533202
13,BOLIVAR,2019,2108412
15,BOYACA,2019,1233430
17,CALDAS,2019,1011586
18,CAQUETA,2019,406111
19,CAUCA,2019,1487377
20,CESAR,2019,1251175
23,CORDOBA,2019,1821239
25,CUNDINAMARCA,2019,3052321
27,CHOCO,2019,545320
41,HUILA,2019,1117786
44,LA GUAJIRA,2019,918062
47,MAGDALENA,2019,1384062
50,META,2019,1062355
52,NARINO,2019,1645708
54,NORTE DE SANTANDER,2019,1545342
63,QUINDIO,2019,544109
66,RISARALDA,2019,956212
68,SANTANDER,2019,2232284
70,SUCRE,2019,928362
73,TOLIMA,2019,1341138
76,VALLE DEL CAUCA,2019,4533931
81,ARAUCA,2019,266031
85,CASANARE,2019,430549
86,PUTUMAYO,2019,355117
88,ARCHIPIELAGO DE SAN ANDRES PROVIDENCIA Y SANTA CATALINA,2019,61679
91,AMAZONAS,2019,78065
94,GUAINIA,2019,49948
95,GUAVIARE,2019,83138
97,VAUPES,2019,41448
99,VICHADA,2019,114049
05,ANTIOQUIA,2020,6642072
08,ATLANTICO,2020,2693388
11,SANTAFE DE BOGOTA D.C,2020,7717564
13,BOLIVAR,2020,2151461
15,BOYACA,2020,1248977
17,CALDAS,2020,1025648
18,CAQUETA,2020,410567
19,CAUCA,2020,1510904
20,CESAR,2020,1307763
23,CORDOBA,2020,1859810
25,CUNDINAMARCA,2020,3157942
27,CHOCO,2020,555787
41,HUILA,2020,1135396
44,LA GUAJIRA,2020,959829
47,MAGDALENA,2020,1432692
50,META,2020,1087196
52,NARINO,2020,1661044
54,NORTE DE SANTANDER,2020,1607917
63,QUINDIO,2020,548659
66,RISARALDA,2020,969801
68,SANTANDER,2020,2287806
70,SUCRE,2020,953654
73,TOLIMA,2020,1352773
76,VALLE DEL CAUCA,2020,4598318
81,ARAUCA,2020,270495
85,CASANARE,2020,441510
86,PUTUMAYO,2020,362162
88,ARCHIPIELAGO DE SAN ANDRES PROVIDENCIA Y SANTA CATALINA,2020,62127
91,AMAZONAS,2020,79583
94,GUAINIA,2020,51772
95,GUAVIARE,2020,83574
97,VAUPES,2020,42135
99,VICHADA,2020,120464
05,ANTIOQUIA,2021,6721140
08,ATLANTICO,2021,2741296
11,SANTAFE DE BOGOTA D.C,2021,7804920
13,BOLIVAR,2021,2177352
15,BOYACA,2021,1260227
17,CALDAS,2021,1035206
18,CAQUETA,2021,414947
19,CAUCA,2021,1531934
20,CESAR,2021,1347446
23,CORDOBA,2021,1890862
25,CUNDINAMARCA,2021,3242668
27,CHOCO,2021,564382
41,HUILA,2021,1151482
44,LA GUAJIRA,2021,986573
47,MAGDALENA,2021,1463123
50,META,2021,1104559
52,NARINO,2021,1673585
54,NORTE DE SANTANDER,2021,1640270
63,QUINDIO,2021,552571
66,RISARALDA,2021,979983
68,SANTANDER,2021,2319558
70,SUCRE,2021,972704
73,TOLIMA,2021,1361747
76,VALLE DEL CAUCA,2021,4636501
81,ARAUCA,2021,273137
85,CASANARE,2021,449378
86,PUTUMAYO,2021,368423
88,ARCHIPIELAGO DE SAN ANDRES PROVIDENCIA Y SANTA CATALINA,2021,62573
91,AMAZONAS,2021,80865
94,GUAINIA,2021,53485
95,GUAVIARE,2021,83885
97,VAUPES,2021,42641
99,VICHADA,2021,126214
05,ANTIOQUIA,2022,6777249
08,ATLANTICO,2022,2774009
11,SANTAFE DE BOGOTA D.C,2022,7849206
13,BOLIVAR,2022,2195275
15,BOYACA,2022,1268367
17,CALDAS,2022,1041232
18,CAQUETA,2022,418724
19,CAUCA,2022,1549859
20,CESAR,2022,1379279
23,CORDOBA,2022,1917742
25,CUNDINAMARCA,2022,3316583
27,CHOCO,2022,572258
41,HUILA,2022,1166143
44,LA GUAJIRA,2022,1007580
47,MAGDALENA,2022,1485394
50,META,2022,1118349
52,NARINO,2022,1684282
54,NORTE DE SANTANDER,2022,1659814
63,QUINDIO,2022,554581
66,RISARALDA,2022,986996
68,SANTANDER,2022,2341058
70,SUCRE,2022,988782
73,TOLIMA,2022,1368345
76,VALLE DEL CAUCA,2022,4658811
81,ARAUCA,2022,274806
85,CASANARE,2022,455615
86,PUTUMAYO,2022,374360
88,ARCHIPIELAGO DE SAN ANDRES PROVIDENCIA Y SANTA CATALINA,2022,62801
91,AMAZONAS,2022,81996
94,GUAINIA,2022,55129
95,GUAVIARE,2022,84107
97,VAUPES,2022,43009
99,VICHADA,2022,131824
05,ANTIOQUIA,2023,6826125
08,ATLANTICO,2023,2805401
11,SANTAFE DE BOGOTA D.C,2023,7883928
13,BOLIVAR,2023,2210979
15,BOYACA,2023,1275286
17,CALDAS,2023,1044570
18,CAQUETA,2023,422271
19,CAUCA,2023,1565745
20,CESAR,2023,1410147
23,CORDOBA,2023,1943751
25,CUNDINAMARCA,2023,3388483
27,CHOCO,2023,579442
41,HUILA,2023,1179882
44,LA GUAJIRA,2023,1027914
47,MAGDALENA,2023,1506027
50,META,2023,1131202
52,NARINO,2023,1694158
54,NORTE DE SANTANDER,2023,1678058
63,QUINDIO,2023,555120
66,RISARALDA,2023,991338
68,SANTANDER,2023,2360567
70,SUCRE,2023,1004176
73,TOLIMA,2023,1373558
76,VALLE DEL CAUCA,2023,4673395
81,ARAUCA,2023,276240
85,CASANARE,2023,461462
86,PUTUMAYO,2023,379921
88,ARCHIPIELAGO DE SAN ANDRES PROVIDENCIA Y SANTA CATALINA,2023,63007
91,AMAZONAS,2023,83087
94,GUAINIA,2023,56697
95,GUAVIARE,2023,84318
97,VAUPES,2023,43383
99,VICHADA,2023,137429
05,ANTIOQUIA,2024,6880799
08,ATLANTICO,2024,2836795
11,SANTAFE DE BOGOTA D.C,2024,7918660
13,BOLIVAR,2024,2227181
15,BOYACA,2024,1283225
17,CALDAS,2024,1050126
18,CAQUETA,2024,425827
19,CAUCA,2024,1583095
20,CESAR,2024,1440484
23,CORDOBA,2024,1969108
25,CUNDINAMARCA,2024,3463004
27,CHOCO,2024,586128
41,HUILA,2024,1194754
44,LA GUAJIRA,2024,1047859
47,MAGDALENA,2024,1526269
50,META,2024,1144286
52,NARINO,2024,1704383
54,NORTE DE SANTANDER,2024,1694970
63,QUINDIO,2024,556880
66,RISARALDA,2024,997930
68,SANTANDER,2024,2380650
70,SUCRE,2024,1019575
73,TOLIMA,2024,1380444
76,VALLE DEL CAUCA,2024,4693432
81,ARAUCA,2024,277883
85,CASANARE,2024,467565
86,PUTUMAYO,2024,385400
88,ARCHIPIELAGO DE SAN ANDRES PROVIDENCIA Y SANTA CATALINA,2024,63250
91,AMAZONAS,2024,84109
94,GUAINIA,2024,58240
95,GUAVIARE,2024,84550
97,VAUPES,2024,43775
99,VICHADA,2024,143117
05,ANTIOQUIA,2025,6928372
08,ATLANTICO,2025,2865034
11,SANTAFE DE BOGOTA D.C,2025,7942867
13,BOLIVAR,2025,2241282
15,BOYACA,2025,1290393
17,CALDAS,2025,1054450
18,CAQUETA,2025,429041
19,CAUCA,2025,1599148
20,CESAR,2025,1469159
23,CORDOBA,2025,1992907
25,CUNDINAMARCA,2025,3535067
27,CHOCO,2025,593106
41,HUILA,2025,1208728
44,LA GUAJIRA,2025,1066679
47,MAGDALENA,2025,1544507
50,META,2025,1156405
52,NARINO,2025,1713586
54,NORTE DE SANTANDER,2025,1709289
63,QUINDIO,2025,557884
66,RISARALDA,2025,1003225
68,SANTANDER,2025,2398303
70,SUCRE,2025,1034102
73,TOLIMA,2025,1386410
76,VALLE DEL CAUCA,2025,4708393
81,ARAUCA,2025,279191
85,CASANARE,2025,473165
86,PUTUMAYO,2025,390742
88,ARCHIPIELAGO DE SAN ANDRES PROVIDENCIA Y SANTA CATALINA,2025,63438
91,AMAZONAS,2025,85057
94,GUAINIA,2025,59706
95,GUAVIARE,2025,84696
97,VAUPES,2025,44142
99,VICHADA,2025,148738